Orgànica;Programa;Econòmica;Descripció;Crèdits inicials;Modificacions de crèdit;Crèdits totals consignats;Obligacions reconegudes
100;91210;10000;ÒRGANS DE GOVERN;125.836,56;0,00;125.836,56;18.656,14
100;91210;11000;P EVENTUAL PRESIDÈNCIA;425.850,42;0,00;425.850,42;56.828,66
100;91210;16000;QUOTES SOCIALS ÒRGANS DE GOVERN;142.861,32;0,00;142.861,32;25.168,06
100;91210;23000;INDEMNITZACIONS ÒRGANS DE GOVERN;425.000,00;0,00;425.000,00;76.054,76
100;91220;48000;TRANSFERÈNCIES ALS GRUPS MUNICIPALS;51.000,00;0,00;51.000,00;11.934,00
100;92000;143;ALTRE PERSONAL CONSELL PARTICIPATIU LLENGUA;0,00;26.883,13;26.883,13;3.735,74
100;92000;62200;SMART CITY;0,00;47.415,10;47.415,10;0,00
100;92010;22009;MATERIAL OFICINA PRESIDÈNCIA;5.000,00;-923,00;4.077,00;0,00
100;92010;22604;DESPESES FUNCIONAMENT PRESIDÈNCIA;60.000,00;-6.371,49;53.628,51;9.104,47
100;92010;12000;RETR.BAS.P.FUNCIONAR A1 PRESIDÈNCIA;14.677,32;0,00;14.677,32;2.218,10
100;92010;12003;RETR.BAS.P.FUNCIONARI C1 PRESIDÈNCIA;19.769,68;0,00;19.769,68;2.880,08
100;92010;12006;TRIENNIS P FUNCIONARI PRESIDÈNCIA;14.154,58;0,00;14.154,58;2.095,94
100;92010;12009;ALTRES RETR.BAS.P.FUNCIONARI PRESIDÈNCIA;10.056,80;0,00;10.056,80;0,00
100;92010;12100;COMP. DESTINACIÓ FUNCIONARIS PRESIDÈNCIA;20.002,80;0,00;20.002,80;3.333,80
100;92010;12101;COMP. ESPECÍFIC FUNCIONARIS PRESIDÈNCIA;24.112,08;0,00;24.112,08;4.018,68
100;92010;13000;RETR.BAS.P.LABORAL PRESIDÈNCIA;292.757,24;0,00;292.757,24;41.218,15
100;92010;13100;RETR.P.LABORAL TEMPORAL PRESIDÈNCIA;58.659,14;0,00;58.659,14;6.565,12
100;92010;15000;PRODUCTIVITAT PRESIDÈNCIA;13.015,80;0,00;13.015,80;0,00
100;92010;15100;GRATIFICACIONS PERSONAL PRESIDÈNCIA;3.902,35;0,00;3.902,35;2.043,94
100;92010;15300;COMPLEMENT DE DEDICACIÓ ESPECIAL PRESIDÈNCIA;40.727,64;0,00;40.727,64;8.303,25
100;92010;16000;QUOTES SOCIALS PRESIDÈNCIA;138.023,24;0,00;138.023,24;27.010,29
100;92011;22614;ADMINISTRACIÓ GENERAL;115.000,00;15.112,99;130.112,99;16.541,74
100;92011;62300;INVERSIONS PRESIDÈNCIA;0,00;0,00;0,00;0,00
100;92013;22711;POLÍTICA LINGÜÍSTICA;36.000,00;-19.666,59;16.333,41;5.333,41
100;92021;21000;MANTENIMENT TV BARRI VELL;5.253,00;261,11;5.514,11;0,00
100;92021;22611;IMATGE I DISSENY;24.436,00;-5.295,00;19.141,00;0,00
100;92021;22711;PROMOCIÓ I COMUNICACIÓ;155.000,00;6.423,55;161.423,55;34.869,13
100;92021;48001;CONVENI COMUNICACIÓ;195.000,00;0,00;195.000,00;0,00
100;92031;22612;OFICINA D'ESTUDIS SOCIALS I EUROPEUS;63.154,40;20.354,34;83.508,74;17.600,35
100;92041;22712;OFICINA DE L'OBSERVATORI;13.386,90;36.544,57;49.931,47;0,00
100;92051;22601;DESENVOLUPAMENT INTEL·LIGENT;144.000,00;120.846,19;264.846,19;4.933,17
100;92051;22615;GIRONA CIUTAT DIGITAL;60.000,00;-3.745,48;56.254,52;14.233,55
100;92051;48000;SUBVENCIONS GIRONA CIUTAT DIGITAL;0,00;16.300,00;16.300,00;0,00
100;92221;48000;RELACIONS INSTITUCIONALS;0,00;37.500,00;37.500,00;1.300,00
100;92221;22619;DESPESES RELACIONS INSTITUCIONALS;75.000,00;-32.459,02;42.540,98;8.957,67
100;92222;46600;ASSOCIACIÓ DE MUNICIPIS DE CATALUNYA;13.615,00;0,00;13.615,00;13.615,00
100;92223;46600;FEDERACIÓ DE MUNICIPIS;13.615,00;0,00;13.615,00;0,00
100;92224;48000;TRANSFERÈNCIES UNIVERSITAT DE GIRONA;24.040,00;0,00;24.040,00;0,00
100;92225;48002;FUNDACIÓ JOAN BRUGUERA;5.000,00;0,00;5.000,00;0,00
100;92225;46700;CONSORCI NORMALITZACIÓ LINGÜÍSTICA;90.000,00;8.745,57;98.745,57;7.255,21
100;92400;143;ALTRE PERSONAL CONSELL PART LLENGUA;0,00;0,00;0,00;0,00
100;92900;50000;FONS DE CONTINGENCIA;100.000,00;0,00;100.000,00;0,00
100;92900;48000;FONS DE CONTINGÈNCIA-TRANSFERÈNCIES;0,00;6.761,40;6.761,40;6.761,40
110;92210;12001;RETR.BAS.P.FUNCIONARI A2 DEFENSOR CIUTADÀ;12.906,52;0,00;12.906,52;1.917,96
110;92210;12003;RETR.BAS.P.FUNCIONARI C1 DEFENSOR CIUTADÀ;9.884,84;0,00;9.884,84;1.440,04
110;92210;12006;TRIENNIS P FUNCIONARI DEFENSOR CIUTADÀ;6.739,72;0,00;6.739,72;1.063,74
110;92210;12009;ALTRES RETR.BAS.P.FUNCIONARI DEFENSOR CIUTADÀ;4.946,60;0,00;4.946,60;0,00
110;92210;12100;COMP. DESTINACIÓ FUNCIONARIS DEFENSOR CIUTADÀ;10.687,20;0,00;10.687,20;1.781,20
110;92210;12101;COMP. ESPECÍFIC FUNCIONARIS DEFENSOR CIUTADÀ;9.212,52;0,00;9.212,52;1.535,42
110;92210;15000;PRODUCTIVITAT OFICINA DEFENSOR CIUTADÀ;1.859,40;0,00;1.859,40;0,00
110;92210;15100;GRATIFICACIONS OFICINA DEFENSOR CIUTADÀ;0,00;0,00;0,00;0,00
110;92210;15300;COMPLEMENT DE DEDICACIÓ ESPECIAL OFICINA DEFENSOR CIUTADÀ;9.779,88;0,00;9.779,88;1.629,98
110;92210;16000;QUOTES SOCIALS OFICINA DEFENSOR CIUTADÀ;16.910,30;0,00;16.910,30;3.443,84
110;92211;22614;OFICINA DEL DEFENSOR DE LA CIUTADANIA;3.240,00;0,00;3.240,00;34,59
110;92211;62500;INVERSIÓ OFICINA DEFENSOR CIUTADANIA;0,00;215,24;215,24;0,00
120;13300;60926;ADEQUACIÓ ESPAI ZONA APARCAMENT AUDITORI;0,00;620,36;620,36;0,00
120;33000;22199;ALTRES SUBMINISTRAMENTS EQUIPAMENTS CULTURA;4.264,20;10.852,72;15.116,92;2.558,53
120;33000;22009;MATERIAL OFICINA CULTURA;1.000,00;1.577,79;2.577,79;179,39
120;33000;12000;RETR.BAS.P.FUNCIONAR A1 CULTURA;14.677,32;0,00;14.677,32;2.218,10
120;33000;12001;RETR.BAS.P.FUNCIONARI A2 CULTURA;12.906,52;0,00;12.906,52;1.917,96
120;33000;12006;TRIENNIS P FUNCIONARI CULTURA;9.291,24;0,00;9.291,24;1.463,10
120;33000;12009;ALTRES RETR.BAS.P.FUNCIONARI CULTURA;9.141,34;0,00;9.141,34;0,00
120;33000;12100;COMP. DESTINACIÓ FUNCIONARIS CULTURA;16.545,72;0,00;16.545,72;2.757,62
120;33000;12101;COMP. ESPECÍFIC FUNCIONARIS CULTURA;25.620,84;0,00;25.620,84;4.270,14
120;33000;13000;RETR.BAS.P.LABORAL CULTURA;48.848,48;0,00;48.848,48;8.582,62
120;33000;15000;PRODUCTIVITAT CULTURA;3.718,80;0,00;3.718,80;0,00
120;33000;15100;GRATIFICACIONS CULTURA;0,00;0,00;0,00;0,00
120;33000;15300;COMPLEMENT DE DEDICACIÓ ESPECIAL CULTURA;16.503,96;0,00;16.503,96;3.146,57
120;33000;16000;QUOTES SOCIALS CULTURA;36.770,44;0,00;36.770,44;7.281,32
120;33301;21200;MANTENIMENT EQUIPAMENTS CULTURA;5.665,00;-1.556,87;4.108,13;2.822,61
120;33301;22100;SUBM. ENERGIA ELÈCTRICA CULTURA;7.350,00;1.030,36;8.380,36;1.030,36
120;33301;22110;CONSUMS EQUIPAMENT CULTURA;0,00;0,00;0,00;0,00
120;33301;22700;NETEJA EQUIPAMENTS CULTURA;5.600,00;1.875,52;7.475,52;2.333,50
120;33301;62200;MAGATZEM CENTRAL CULTURA;100.000,00;0,00;100.000,00;0,00
120;33310;48000;FUNDACIÓ AUDITORI PALAU DE CONGRESSOS DE GIRONA;0,00;58.823,74;58.823,74;58.823,74
120;33342;62900;COL.LECCIÓ SANTOS TORROELLA;0,00;984.695,75;984.695,75;0,00
120;33380;48002;FUNDACIÓ AUDITORI - MÚSICA MODERNA;225.250,00;0,00;225.250,00;96.000,00
120;33380;48003;FUNDACIÓ AUDITORI - NITS DE CLÀSSICA;85.000,00;-5.149,00;79.851,00;36.000,00
120;33380;48004;FUNDACIÓ AUDITORI - JOVE ORQUESTRA;30.000,00;0,00;30.000,00;12.000,00
120;33380;48001;FUNDACIÓ AUDITORI - SUBVENCIÓ GENERALITAT;390.000,00;0,00;390.000,00;156.000,00
120;33400;22611;QULTURA JOVE;3.000,00;0,00;3.000,00;907,50
120;33400;22612;ACTIVITATS CULTURALS;64.421,22;55.054,07;119.475,29;38.350,12
120;33400;22615;CONSELL DE LES ARTS;3.000,00;500,00;3.500,00;500,00
120;33400;22708;SERVEI VENDA D'ENTRADES;0,00;2.422,60;2.422,60;0,00
120;33400;48200;COOPERACIÓ CULTURAL;43.010,00;15.033,62;58.043,62;7.010,00
120;33411;48000;CINEMA TRUFFAUT;32.550,00;-242,00;32.308,00;10.000,00
120;33412;22611;GIRONA FILM OFFICE;10.000,00;5.271,41;15.271,41;5.271,41
120;33431;48300;SUPORT A LA CREACIÓ: KREAS;50.000,00;11.361,25;61.361,25;4.500,00
120;33491;48000;PRESSUPOSTOS PARTICIPATS 2014-CULTURA;0,00;11.609,42;11.609,42;11.609,42
120;93301;61003;MILLORA MAS ABELLA;0,00;11.221,17;11.221,17;0,00
121;33210;22009;MATERIAL OFICINA BIBLIOTEQUES;10.000,00;231,69;10.231,69;140,25
121;33210;13000;RETR.BAS.P.LABORAL BIBLIOTEQUES;707.918,89;0,00;707.918,89;104.082,59
121;33210;143;ALTRE PERSONAL BIBLIOTEQUES;0,00;16.243,80;16.243,80;5.317,44
121;33210;16000;QUOTES SOCIALS BIBLIOTEQUES;272.408,52;0,00;272.408,52;50.506,71
121;33210;12000;RETR.BAS.P.FUNCIONAR A1 BIBLIOTEQUES;14.677,32;0,00;14.677,32;2.218,10
121;33210;12006;TRIENNIS P FUNCIONARI BIBLIOTEQUES;4.515,36;0,00;4.515,36;682,40
121;33210;12009;ALTRES RETR.BAS.P.FUNCIONARI BIBLIOTEQUES;4.423,64;0,00;4.423,64;0,00
121;33210;12100;COMP. DESTINACIÓ FUNCIONARIS BIBLIOTEQUES;8.378,40;0,00;8.378,40;1.396,40
121;33210;12101;COMP. ESPECÍFIC FUNCIONARIS BIBLIOTEQUES;10.510,92;0,00;10.510,92;1.751,82
121;33210;15000;PRODUCTIVITAT BIBLIOTEQUES;29.084,42;0,00;29.084,42;0,00
121;33210;15300;COMPLEMENT DE DEDICACIÓ ESPECIAL BIBLIOTEQUES;153.017,52;0,00;153.017,52;25.462,16
121;33210;21200;SERVEIS TIC BIBLIOTEQUES;7.828,00;1.915,20;9.743,20;1.942,35
121;33210;21201;MANTENIMENT EQUIPAMENTS BIBLIOTEQUES;7.210,00;213,44;7.423,44;1.379,40
121;33210;22100;SUBM. ENERGIA ELÈCTRICA BIBLITEQUES - CENTRES CÍVICS;129.108,00;7.306,87;136.414,87;7.461,81
121;33210;22198;ALTRES SUBMINISTRAMENTS BIBLIOTEQUES - CENTRES CIVICS;0,00;1.629,32;1.629,32;1.268,96
121;33210;22199;ALTRES SUBMINISTRAMENTS BIBLIOTEQUES;2.132,10;13,89;2.145,99;660,52
121;33210;22700;NETEJA BIBLIOTEQUES;55.020,00;7.228,30;62.248,30;8.560,68
121;33210;60900;TRASLLAT BIBLIOTECA ERNEST LLUCH;350.000,00;100.000,00;450.000,00;0,00
121;33210;62201;MOBILIARI, EQUIPAMENT I MILLORES BIBLIOTEQUES;0,00;11.585,04;11.585,04;2.450,25
121;33211;22612;FONS BIBLIOTECARI;25.000,00;17.303,00;42.303,00;17.303,00
121;33211;62200;FONS DOCUMENTAL BIBLIOTEQUES;0,00;49.391,96;49.391,96;0,00
121;33212;22611;PROMOCIÓ DE LA LECTURA;179.750,00;50.609,36;230.359,36;21.736,70
121;33213;22613;EXTENSIÓ BIBLIOTECARIA;35.000,00;11.259,05;46.259,05;1.694,38
122;33310;12000;RETR.BAS.P.FUNCIONARI A1 MUSEU D'HISTORIA;11.008,26;-11.008,26;0,00;0,00
122;33310;12009;ALTRES RETR.BAS.P.FUNCIONARI MUSEU D'HISTÒRIA;3.200,30;0,00;3.200,30;0,00
122;33310;12100;COMP. DESTINACIÓ FUNCIONARIS MUSEU D'HISTÒRIA;6.283,80;-5.091,74;1.192,06;0,00
122;33310;12101;COMP. ESPECÍFIC FUNCIONARIS MUSEU D'HISTÒRIA;7.178,58;0,00;7.178,58;0,00
122;33310;13000;RETR.BAS.P.LABORAL MUSEU HISTÒRIA;95.997,96;0,00;95.997,96;13.712,94
122;33310;15000;PRODUCTIVITAT MUSEU D'HISTÒRIA;4.416,08;0,00;4.416,08;0,00
122;33310;15100;GRATIFICACIONS MUSEU D'HISTORIA;0,00;0,00;0,00;0,00
122;33310;15300;COMPLEMENT DE DEDICACIÓ ESPECIAL MUSEU D'HISTÒRIA;5.739,39;0,00;5.739,39;0,00
122;33310;16000;QUOTES SOCIALS MUSEU D'HISTÒRIA;38.748,63;-10.200,00;28.548,63;5.315,54
122;33310;21200;MANTENIMENT EQUIPAMENTS MUSEUS;17.386,40;-4.333,65;13.052,75;5.495,17
122;33310;22100;SUBM. ENERGIA ELÈCTRICA MUSEUS;22.050,00;3.777,78;25.827,78;3.777,78
122;33310;22199;ALTRES SUBMINISTRAMENTS MUSEUS;2.793,05;-2.164,00;629,05;479,68
122;33310;22700;NETEJA EQUIPAMENTS MUSEUS;33.665,00;0,00;33.665,00;2.095,15
122;33310;62500;ADQUISICIÓ MOBILIARI I MATERIAL INVENTARIABLE MUSEU HISTÒRIA;0,00;0,00;0,00;0,00
122;33311;22611;EXPOSICIÓ PERMANENT MUSEU D'HISTÒRIA;145.520,00;5.037,84;150.557,84;17.094,10
122;33311;22612;EXPOSICIÓ TEMPORAL MUSEU D'HISTÒRIA;75.000,00;245,05;75.245,05;25.999,20
122;33312;22620;SERVEI EDUCATIU MUSEU D'HISTÒRIA;5.300,00;0,00;5.300,00;0,00
122;33320;41001;PATRONAT CALL - PROMOCIO DEL CALL;64.600,00;3.366,00;67.966,00;63.366,00
122;33320;41011;PATRONAT CALL - EXPOSICIONS;160.000,00;11.718,84;171.718,84;10.544,40
122;33320;41020;PATRONAT CALL - CENTRE ESTUDIS NAHAMANIDES;50.000,00;12.932,12;62.932,12;0,00
122;33320;60100;OBRES PATRONAT DEL CALL;0,00;4.409,58;4.409,58;0,00
122;33331;48100;MUSEU DEL CINEMA;373.820,00;-1.966,00;371.854,00;45.000,00
122;33331;21200;MUSEU DEL CINEMA;0,00;0,00;0,00;0,00
122;33331;21900;ADQUISICIÓ COL·LECCIÓ TOMAS MALLOL;133.000,00;0,00;133.000,00;0,00
122;33332;21902;CASA MASÓ;0,00;0,00;0,00;0,00
122;33332;48100;FUNDACIÓ MASÓ;190.000,00;-4.978,03;185.021,97;47.000,00
122;33332;21200;CASA MASÓ;55.378,98;3.775,03;59.154,01;14.146,62
122;33342;22611;COL·LECCIÓ I EXPOSICIONS MAMC;80.000,00;0,00;80.000,00;9.516,30
122;33611;48000;COOPERACIÓ EN PROMOCIÓ I DIFUSIÓ DEL PATRIMONI CULTURAL;0,00;5.000,00;5.000,00;0,00
123;33370;13000;RETR.BAS.P.LABORAL TEATRE;268.483,74;0,00;268.483,74;38.407,51
123;33370;15000;PRODUCTIVITAT TEATRE;10.226,70;0,00;10.226,70;0,00
123;33370;15100;GRATIFICACIONS TEATRE;4.162,51;0,00;4.162,51;1.452,00
123;33370;15300;COMPLEMENT DE DEDICACIÓ ESPECIAL TEATRE;56.661,00;0,00;56.661,00;7.800,98
123;33370;16000;QUOTES SOCIALS TEATRE;104.334,60;0,00;104.334,60;14.003,84
123;33370;21200;MANTENIMENT EQUIPAMENTS TEATRE;27.974,80;4.874,39;32.849,19;2.611,97
123;33370;22100;SUBM. ENERGIA ELÈCTRICA TEATRE;64.170,00;14.989,68;79.159,68;14.989,68
123;33370;22199;ALTRES SUBMINISTRAMENTS TEATRE;3.198,15;-307,12;2.891,03;78,68
123;33370;22608;SERVEIS PER USOS D'EQUIPAMENTS I INSTAL.LACIONS- TEATRE M.;0,00;6.153,52;6.153,52;1.062,77
123;33370;22699;MANTENIMENT AUDITORI LA MERCÈ;0,00;0,00;0,00;0,00
123;33370;22700;NETEJA TEATRE;55.600,00;6.237,07;61.837,07;5.790,00
123;33370;60900;TEATRE MUNICIPAL;0,00;718,74;718,74;0,00
123;33371;22611;PROGRAMACIÓ ESTABLE;153.000,00;25.067,16;178.067,16;5.601,00
123;33371;22612;ESCENARI OFF;25.000,00;-25.000,00;0,00;0,00
123;33371;22614;GIRONA VIU ESTIU;43.200,00;0,00;43.200,00;0,00
123;33372;22615;PROJECTES ESCÈNICS;0,00;4.902,83;4.902,83;4.821,88
123;33400;22609;TEATRE OBERT;0,00;28.000,00;28.000,00;0,00
123;33421;22199;SERVEIS DERIVATS DEL FESTIVAL TEMPORADA ALTA;0,00;0,00;0,00;0,00
123;33421;22616;CIUTAT DEL TEATRE;50.000,00;0,00;50.000,00;0,00
123;33421;48000;PROMOCIÓ ARTS ESCÈNIQUES;0,00;3.250,00;3.250,00;2.000,00
123;33421;48001;CONSORCI ARTS ESCÈNIQUES;60.000,00;165.065,06;225.065,06;160.000,00
123;33421;48002;PROMOCIÓ ARTS ESCÈNIQUES - TEMPORADA ALTA;400.000,00;40.000,00;440.000,00;40.000,00
123;33421;48003;PROMOCIÓ ARTS ESCÈNIQUES - LA PLANETA;25.000,00;0,00;25.000,00;0,00
123;33421;48004;PROMOCIÓ ARTS ESCÈNIQUES - EL GALLINER;50.080,00;0,00;50.080,00;0,00
124;33360;11000;P EVENTUAL CENTRE CULTURAL LA MERCÈ - EMA;17.280,99;-17.280,99;0,00;0,00
124;33360;13000;P LABORAL LA MERCÈ;0,00;60.000,00;60.000,00;8.778,75
124;33360;143;ALTRE PERSONAL LA MERCE;0,00;0,00;0,00;0,00
124;33360;15000;PRODUCTIVITAT CENTRE CULTURAL LA MERCÈ - EMA;7.682,61;0,00;7.682,61;0,00
124;33360;15300;COMPLEMENT DE DEDICACIÓ ESPECIAL LA MERCÈ - EMA;9.804,24;0,00;9.804,24;466,24
124;33360;16000;QUOTES SOCIALS LA MERCÈ - EMA;64.121,24;-5.400,00;58.721,24;4.088,53
124;33360;21200;MANTENIMENT EQUIPAMENT EMA;9.191,72;487,15;9.678,87;2.366,43
124;33360;22100;SUBM. ENERGIA ELÈCTRICA EMA;15.535,00;0,00;15.535,00;0,00
124;33360;22103;COMBUSTIBLE EMA;5.500,00;6.483,39;11.983,39;5.080,16
124;33360;22608;SERVEIS PER USOS D'EQUIPAMENTS I INSTAL.LACIONS- LA MERCÈ;0,00;2.146,25;2.146,25;2.146,25
124;33360;22700;NETEJA EMA;46.000,00;2.312,34;48.312,34;2.330,63
124;33360;62500;MOBILIARI I MAT. INVENTARIABLE LA MERCÈ;0,00;20.309,23;20.309,23;19.584,59
124;33361;13000;RETR.BAS.P.LABORAL CENTRE CULTURAL LA MERCÈ - EMA;197.630,24;-60.000,00;137.630,24;8.639,82
124;33361;143;ALTRE PERSONAL ESCOLA MPAL ART;0,00;9.285,51;9.285,51;3.326,84
124;33361;22611;EMA ART CURSOS;45.000,00;-1.213,00;43.787,00;4.543,22
124;33361;22614;ESCOLA MUNICIPAL D'ART;0,00;0,00;0,00;0,00
124;33361;48000;BEQUES I AJUTS EMA;0,00;600,00;600,00;0,00
124;33362;13000;RETR.BAS.P.LABORAL LA MERCÈ;57.378,14;0,00;57.378,14;23.146,14
124;33362;15000;PRODUCTIVITAT LA MERCÈ;1.726,95;0,00;1.726,95;0,00
124;33362;15300;COMPLEMENT DE DEDICACIÓ ESPECIAL LA MERCÈ;7.652,52;0,00;7.652,52;2.163,60
124;33362;16000;QUOTES SOCIALS LA MERCÈ;18.987,04;0,00;18.987,04;10.013,63
124;33362;22611;PROGRAMACIÓ ESTABLE PENSAMENT I LLETRES;15.000,00;13.598,55;28.598,55;15.149,95
124;33362;22612;FESTIVAL MOT;20.000,00;0,00;20.000,00;0,00
124;33362;22613;AULA D'ESCRIPTURA;22.000,00;0,00;22.000,00;0,00
124;33362;22614;EMA EXPOSICIONS;14.000,00;11.318,33;25.318,33;8.108,58
124;33420;21200;MANTENIMENT EQUIPAMENT EMHU;9.191,72;-5.816,27;3.375,45;1.179,35
124;33420;22100;SUBM. ENERGIA ELÈCTRICA EMHU;15.535,00;4.528,58;20.063,58;4.528,58
124;33420;22103;COMBUSTIBLE EMHU;5.500,00;9.000,00;14.500,00;1.467,73
124;33420;22700;NETEJA EMHU;0,00;0,00;0,00;0,00
125;33342;62900;MUSEU D'ART MODERN I CONTEMPORANI;790.000,00;-23.809,64;766.190,36;0,00
125;33350;13000;RETR.BAS.P.LABORAL EL BÒLIT;73.802,12;0,00;73.802,12;10.519,98
125;33350;143;ALTRE PERSONAL CENTRE ART CONTEMPORANI;0,00;0,00;0,00;0,00
125;33350;14300;ALTRE PERSONAL CENTRE ART CONTEMPORANI;0,00;20.000,00;20.000,00;10.402,66
125;33350;15000;PRODUCTIVITAT EL BÒLIT;3.488,64;0,00;3.488,64;0,00
125;33350;15300;COMPLEMENT DE DEDICACIÓ ESPECIAL EL BÒLIT;11.475,00;0,00;11.475,00;1.912,50
125;33350;16000;QUOTES SOCIALS EL BÒLIT;22.668,24;0,00;22.668,24;3.783,62
125;33350;22100;SUBM. ENERGIA ELÈCTRICA SALA FIDEL AGUILAR;5.008,00;1.353,08;6.361,08;1.353,08
125;33350;22199;ALTRES SUBMINISTRAMENTS SALA FIDEL AGUILAR;1.066,05;0,00;1.066,05;1.008,45
125;33350;22612;CENTRE D'ART CONTEMPORANI;0,00;0,00;0,00;0,00
125;33350;22700;NETEJA EQUIPAMENTS SALA FIDEL AGUILAR;0,00;615,87;615,87;569,84
125;33350;60900;PROJECTE BÒLIT, CENTRE D'ART CONTEMPORANI;0,00;42,35;42,35;0,00
125;33351;22611;FONS I COL·LECCIONS CENTRE D'ART CONTEMPORANI;12.000,00;40.470,67;52.470,67;16.882,03
125;33351;22612;EXPOSICIONS;50.000,00;-19.998,56;30.001,44;0,00
125;33351;22613;PROJECTE LA VOLTA;10.000,00;0,00;10.000,00;0,00
125;33351;22614;PROJECTE RESIDÈNCIES;5.000,00;0,00;5.000,00;0,00
125;33351;22620;SERVEI EDUCATIU CENTRE D'ART CONTEMPORANI;5.000,00;2.600,00;7.600,00;2.600,00
125;33352;22611;PROJECTE ETAC-ESPAI TRANSFRONTERER D'ART CONTEMPORANI;0,00;17.798,63;17.798,63;10.525,81
125;33353;143;ALTRE PERSONAL BOLIT EMPREN;0,00;0,00;0,00;0,00
125;33353;14300;ALTRE PERSONAL BÒLIT  EMPRÈN;0,00;498,35;498,35;0,00
125;33353;14301;ALTRE PERSONAL BÒLIT EMPRÈN 2014;0,00;0,00;0,00;0,00
125;33353;22610;PROJECTE BÒLIT EMPRÈN;0,00;40,78;40,78;0,00
125;33353;22612;PROJECTE BÒLIT EMPRÈN 2014;0,00;7.135,71;7.135,71;897,54
125;33431;48001;PROMOCIÓ ARTS VISUALS I PLÀSTIQUES;65.000,00;0,00;65.000,00;0,00
126;33390;22102;SUBMINISTRAMENT DE GAS ESPAI MARFÀ;0,00;0,00;0,00;0,00
126;33390;22009;MANTENIMENT ESPAI MARFÀ;21.000,00;1.003,62;22.003,62;1.046,83
126;33390;22199;ALTRES SUBMINISTRAMENTS LA MARFÀ;67.161,15;-2.017,09;65.144,06;112,89
126;33390;13000;RETR.BAS.P.LABORAL LA MARFÀ;45.357,84;0,00;45.357,84;6.420,68
126;33390;13100;RETR.P.LABORAL TEMPORAL LA MARFA;34.375,71;0,00;34.375,71;4.705,54
126;33390;15000;PRODUCTIVITAT LA MARFÀ;1.792,65;0,00;1.792,65;0,00
126;33390;15100;GRATIFICACIONS LA MARFA;1.560,94;0,00;1.560,94;0,00
126;33390;15300;COMPLEMENT DE DEDICACIÓ ESPECIAL LA MARFÀ;5.889,36;0,00;5.889,36;981,56
126;33390;16000;QUOTES SOCIALS LA MARFÀ;26.410,20;0,00;26.410,20;4.595,46
126;33390;21200;MANTENIMENT I EQUIPAMENT ESPAI MARFÀ;0,00;5.100,65;5.100,65;3.400,10
126;33390;22100;SUBM. ENERGIA ELÈCTRICA LA MARFÀ;45.150,00;11.943,30;57.093,30;11.943,30
126;33390;22700;NETEJA ESPAI MARFÀ;65.700,00;7.577,55;73.277,55;10.391,36
126;33390;62500;MOBILIARI ESPAI MARFÀ;0,00;15.205,14;15.205,14;0,00
126;33391;22611;PROGRAMACIÓ ESTABLE ESPAI MARFÀ;25.000,00;7.828,21;32.828,21;2.442,00
126;33391;22612;VIU 21 MÚSICA;20.000,00;0,00;20.000,00;0,00
126;33392;22610;ESCOLA DE MÚSICA AVANÇADA I SO;10.000,00;242,00;10.242,00;0,00
126;33392;22620;CENTRE DE LA CANÇÓ;10.000,00;0,00;10.000,00;0,00
126;33392;48900;PROMOCIÓ MUSICAL;396.200,00;-6.250,00;389.950,00;1.875,00
126;33422;22613;CARRERS DE MÚSICA;5.000,00;0,00;5.000,00;0,00
130;33220;22199;ALTRES SUBMINISTRAMENTS ARXIU;1.066,05;542,21;1.608,26;631,80
130;33220;22009;MATERIAL OFICINA ARXIU;1.715,00;-272,61;1.442,39;156,40
130;33220;143;ALTRE PERSONAL ARXIU;0,00;45.212,87;45.212,87;10.979,38
130;33220;12000;RETR.BAS.P.FUNCIONARI A1 ARXIU;14.677,32;0,00;14.677,32;2.218,10
130;33220;12001;RETR.BAS.P.FUNCIONARI A2 ARXIU;12.906,52;0,00;12.906,52;1.917,96
130;33220;12006;TRIENNIS P FUNCIONARI ARXIU;8.823,30;0,00;8.823,30;1.324,02
130;33220;12009;ALTRES RETR.BAS.P.FUNCIONARI ARXIU;8.544,64;0,00;8.544,64;0,00
130;33220;12100;COMP. DESTINACIÓ FUNCIONARIS ARXIU;15.669,00;0,00;15.669,00;2.611,50
130;33220;12101;COMP. ESPECÍFIC FUNCIONARIS ARXIU;22.056,96;0,00;22.056,96;3.748,85
130;33220;13000;RETR.BAS.P.LABORAL ARXIU;364.090,06;0,00;364.090,06;48.616,67
130;33220;15000;PRODUCTIVITAT ARXIU;13.945,50;0,00;13.945,50;0,00
130;33220;15100;GRATIFICACIONS ARXIU;867,19;0,00;867,19;90,07
130;33220;15300;COMPLEMENT DE DEDICACIÓ ESPECIAL ARXIU;50.405,52;0,00;50.405,52;8.764,37
130;33220;16000;QUOTES SOCIALS ARXIU;145.939,96;0,00;145.939,96;23.565,61
130;33220;22100;SUBM. ENERGIA ELÈCTRICA ARXIU;22.050,00;3.777,76;25.827,76;3.777,76
130;33220;22610;DESPESES BIBLIOTECA ARXIU;0,00;1.573,60;1.573,60;0,00
130;33220;22611;DESPESES ARXIU;0,00;696,00;696,00;0,00
130;33220;22616;MANTENIMENT INSTAL·LACIONS I EQUIPS;6.790,00;0,00;6.790,00;13,68
130;33220;22700;NETEJA ARXIU;22.700,00;294,49;22.994,49;3.536,54
130;33220;22706;ADQUISICIÓ REPORTATGES FOTOGRÀFICS;0,00;319,05;319,05;0,00
130;33221;22618;SISTEMA GESTIÓ DOCUMENTS;20.700,00;0,00;20.700,00;0,00
130;33222;22611;ARXIU HISTÒRIC;71.164,00;36.508,59;107.672,59;9.459,74
130;33222;62200;INVERSIÓ SERVEI DE GESTIÓ DOCUMENTAL, ARXIUS I PUBLICACIONS;0,00;423,50;423,50;423,50
130;33223;22612;CENTRE DE RECERCA I DIFUSIÓ DE LA IMATGE;44.280,00;136.242,58;180.522,58;19.118,74
130;33224;22613;PUBLICACIONS;77.000,00;31.453,90;108.453,90;13.129,71
130;33225;48000;CONVENI TVGI - ARXIU;42.000,00;8.271,56;50.271,56;0,00
130;33226;22600;CONFERÈNCIA MUNDIAL I 9A CONF EUROPEA ARXIUS;0,00;75.687,98;75.687,98;8.479,32
130;33227;22600;PROJECTE ATHENA;18.382,40;46.048,24;64.430,64;983,49
200;17000;46700;CONSORCIS;60.000,00;500,00;60.500,00;16.573,00
200;17000;22700;NETEJA LAVABOS PÚBLICS;83.400,00;33.900,95;117.300,95;31.573,29
200;17000;22009;MATERIAL OFICINA SOSTENIBILITAT;10.476,00;440,52;10.916,52;1.726,99
200;17000;22104;VESTUARI SOSTENIBILITAT;30.000,00;17.423,67;47.423,67;1.506,54
200;17000;12003;RETR.BAS.P.FUNCIONARI C1 SOSTENIBILITAT SERVEIS CENTRALS;19.769,68;0,00;19.769,68;2.160,06
200;17000;12006;TRIENNIS P FUNCIONARI SOSTENIBILITAT SERVEIS CENTRALS;7.223,60;0,00;7.223,60;789,30
200;17000;12009;ALTRES RETR.BAS.P.FUNCIONARI SOSTENIBILITAT SERVEIS CENTRALS;4.391,08;0,00;4.391,08;0,00
200;17000;12100;COMP. DESTINACIÓ FUNCIONARIS SOSTENIBILITAT SERVEIS CENTRALS;9.744,48;0,00;9.744,48;1.229,29
200;17000;12101;COMP. ESPECÍFIC FUNCIONARIS SOSTENIBILITAT SERVEIS CENTRALS;8.957,04;0,00;8.957,04;3.215,60
200;17000;13000;RETR.BAS.P.LABORAL SOSTENIBILITAT SERVEIS CENTRALS;248.474,91;0,00;248.474,91;38.333,40
200;17000;15000;PRODUCTIVITAT SOSTENIBILITAT SERVEIS CENTRALS;11.853,68;0,00;11.853,68;0,00
200;17000;15100;GRATIFICACIONS SOSTENIBILITAT SERVEIS CENTRALS;607,03;0,00;607,03;0,00
200;17000;15300;COMPLEMENT DE DEDICACIÓ ESPECIAL SOSTENIBILITAT SER CENTRALS;24.566,37;0,00;24.566,37;3.505,20
200;17000;16000;QUOTES SOCIALS SOSTENIBILITAT SERVEIS CENTRALS;97.058,88;0,00;97.058,88;14.144,85
200;17000;21300;MANTENIMENT EQUIPAMENT BRIGADES MEDI AMBIENT;23.811,55;5.617,55;29.429,10;6.227,33
200;17000;22100;SUBM. ENERGIA ELÈCTRICA LAVABOS PÚBLICS;6.678,00;537,13;7.215,13;452,51
200;17000;22103;COMBUSTIBLE MEDI AMBIENT;32.000,00;5.105,43;37.105,43;3.516,83
200;17000;62200;INVERSIÓ SOSTENIBILITAT;0,00;4.002,64;4.002,64;2.360,68
201;16000;22710;EXPLOTACIÓ PLANTA DEPURADORA;2.625.000,00;807.780,42;3.432.780,42;1.081.908,61
201;16100;22101;SERVEI D'AIGUA POTABLE;130.000,00;15.801,39;145.801,39;28.395,25
201;16210;22710;RECOLLIDA ESCOMBRARIES;6.125.000,00;2.199.916,11;8.324.916,11;320.500,22
201;16210;60947;FONS DE COHESIÓ- CONTENIDORS;0,00;5.862,45;5.862,45;0,00
201;16220;22713;TRACTAMENT RESIDUS - ESTUDI VIABILITAT INCINERADORA CAMPDORÀ;0,00;127.050,00;127.050,00;0,00
201;16230;22712;TRACTAMENT DE RESIDUS;1.600.000,00;252.533,09;1.852.533,09;623.200,20
201;16300;22710;NETEJA VIÀRIA;6.125.000,00;0,00;6.125.000,00;0,00
201;16400;21000;MANTENIMENT DE CEMENTIRI;83.760,00;65.204,21;148.964,21;69.997,05
201;16400;12004;RETR.BAS.P.FUNCIONARI C2 CEMENTIRIS;0,00;0,00;0,00;0,00
201;16400;12006;TRIENNIS P FUNCIONARI CEMENTIRIS;0,00;0,00;0,00;0,00
201;16400;12009;ALTRES RETR.BAS.P.FUNCIONARI CEMENTIRIS;0,00;0,00;0,00;0,00
201;16400;12100;COMP. DESTINACIÓ FUNCIONARIS CEMENTIRIS;0,00;0,00;0,00;0,00
201;16400;12101;COMP. ESPECÍFIC FUNCIONARIS CEMENTIRIS;0,00;0,00;0,00;0,00
201;16400;13000;RETR.BAS.P.LABORAL CEMENTIRIS;187.331,28;0,00;187.331,28;27.965,14
201;16400;15000;PRODUCTIVITAT CEMENTIRIS;8.012,82;0,00;8.012,82;277,61
201;16400;15100;GRATIFICACIONS CEMENTIRIS;1.951,17;0,00;1.951,17;0,00
201;16400;15300;COMPLEMENT DE DEDICACIÓ ESPECIAL CEMENTIRI;50.161,26;0,00;50.161,26;6.595,05
201;16400;16000;QUOTES SOCIALS CEMENTIRIS;92.596,80;0,00;92.596,80;11.489,05
201;16400;62200;PLA MILLORA CEMENTIRI 1A FASE;75.000,00;0,00;75.000,00;0,00
201;17000;13000;RETR.BAS.P.LABORAL SOSTENIBILITAT;0,00;71.000,00;71.000,00;9.994,62
201;17000;15000;PRODUCTIVITAT SOSTENIBILITAT;0,00;0,00;0,00;0,00
201;17000;15100;GRATIFICACIONS MEDI AMBIENT;0,00;0,00;0,00;0,00
201;17000;15300;COMPLEMENT DE DEDICACIÓ ESPECIAL SOSTENIBILITAT;0,00;8.927,97;8.927,97;1.275,42
201;17000;16000;QUOTES SOCIALS SOSTENIBILITAT;0,00;20.970,00;20.970,00;3.502,58
201;17100;22711;NETEGES ESPECIALS;0,00;0,00;0,00;0,00
201;17200;22610;PROMOCIÓ DE LA SOSTENIBILITAT;24.000,00;15.584,28;39.584,28;4.943,74
201;17200;22611;GESTIÓ ENERGÈTICA;25.000,00;15.527,95;40.527,95;62,22
201;17200;22699;PRESSUPOSTOS PARTICIPATS 2014-SOSTENIBILITAT;0,00;11.335,28;11.335,28;0,00
201;17200;22713;PROJECTE TRANSITION TOWN NETWORK;5.000,00;4.319,70;9.319,70;4.319,70
201;17200;60100;PLA ESTRATÈGIC FLUVIAL 1A FASE;100.000,00;0,00;100.000,00;0,00
201;17200;60900;SOSTENIBILITAT MEDI AMBIENT HORTS URBANS;0,00;67.617,01;67.617,01;0,00
201;17200;60925;PRESSUPOSTOS PARTICIPATS 2014- SOSTENIBILITAT;0,00;10.224,50;10.224,50;0,00
201;17210;22712;INSPECCIÓ I QUALITAT AMBIENTAL;25.000,00;65.446,78;90.446,78;15.195,40
201;17210;60100;PLA ENERGETIC;0,00;23.727,90;23.727,90;0,00
202;17100;21002;MANTENIMENT DEVESA;219.970,00;95.765,46;315.735,46;12.730,09
202;17100;21004;PLA DEVESA;0,00;0,00;0,00;0,00
202;17100;21000;MANTENIMENT ESPAIS NATURALS;200.600,00;962,39;201.562,39;0,00
202;17100;22710;CONTRACTES ESPAIS NATURALS;77.000,00;31.692,18;108.692,18;12.071,21
202;17100;21001;MANTENIMENT DE JARDINS BRIGADES MUNICIPALS;64.400,00;17.025,37;81.425,37;13.109,74
202;17100;21005;MANTENIMENT DE JARDINS;1.000.000,00;183.456,63;1.183.456,63;106.770,03
202;17100;21003;ADAPTACIÓ ZONES VERDES;30.000,00;10.397,61;40.397,61;5.771,14
202;17100;12001;RETR.BAS.P.FUNCIONARI A2 PARCS I JARDINS;12.906,52;0,00;12.906,52;1.917,96
202;17100;12004;RETRIBUCIONS BÀSIQUES P.FUNCIONARI C2 PARCS I JARDINS;8.378,58;0,00;8.378,58;1.198,50
202;17100;12006;TRIENNIS P FUNCIONARI PARCS I JARDINS;9.086,34;0,00;9.086,34;1.369,42
202;17100;12009;ALTRES RETR.BAS.P.FUNCIONARI PARCS I JARDINS;5.297,56;0,00;5.297,56;0,00
202;17100;12100;COMP. DESTINACIÓ FUNCIONARIS PARCS I JARDINS;11.194,20;0,00;11.194,20;1.865,70
202;17100;12101;COMP. ESPECÍFIC FUNCIONARIS PARCS I JARDINS;14.701,80;0,00;14.701,80;2.450,30
202;17100;13000;RETR.BAS.P.LABORAL PARCS I JARDINS;911.619,22;0,00;911.619,22;136.050,99
202;17100;15000;PRODUCTIVITAT PARCS I JARDINS;45.090,47;0,00;45.090,47;0,00
202;17100;15100;GRATIFICACIONS PARCS I JARDINS;34.687,55;0,00;34.687,55;0,00
202;17100;15300;COMPLEMENT DE DEDICACIÓ ESPECIAL PARCS I JARDINS;5.889,36;0,00;5.889,36;981,56
202;17100;16000;QUOTES SOCIALS PARCS I JARDINS;282.774,92;0,00;282.774,92;49.275,95
202;17100;22610;ADQUISICIÓ DE PLANTES;40.000,00;15.186,61;55.186,61;3.136,54
202;17100;22711;NETEGES ESPECIALS;54.000,00;5.084,03;59.084,03;1.363,97
202;17100;22712;PLA INTEGRAL SECTOR EST - SOSTENIBILITAT;15.000,00;0,00;15.000,00;0,00
202;17100;61900;PLA DE REPOSICIÓ ARBRAT;50.000,00;0,00;50.000,00;0,00
202;17210;48000;ADF - PREVENCIÓ INCENDIS;6.000,00;0,00;6.000,00;0,00
203;17200;22602;HIGIENE AMBIENTAL;0,00;1.169,15;1.169,15;0,00
203;31200;22199;ALTRES SUBMINISTRAMENTS CONSULTORI;10.350,00;3.780,10;14.130,10;3.785,78
203;31200;22602;CONTROL SANITARI;11.101,65;40.549,16;51.650,81;14.417,69
203;31200;22611;CONTROL PLAGUES I ANIMALS;50.000,00;162.998,60;212.998,60;34.684,78
203;31200;13000;RETR.BAS.P.LABORAL SALUT;411.633,33;-71.000,00;340.633,33;40.347,63
203;31200;143;ALTRE PERSONAL SALUT;0,00;28.283,18;28.283,18;4.130,60
203;31200;15000;PRODUCTIVITAT SALUT;12.550,95;0,00;12.550,95;0,00
203;31200;15100;GRATIFICACIONS SALUT;1.300,78;0,00;1.300,78;0,00
203;31200;15300;COMPLEMENT DE DEDICACIÓ ESPECIAL SALUT;47.898,66;-8.927,97;38.970,69;4.052,82
203;31200;16000;QUOTES SOCIALS SALUT;124.013,44;-20.970,00;103.043,44;16.403,04
203;31200;22612;EQUIP PROMOCIÓ DE LA SALUT;26.282,15;105.454,75;131.736,90;8.748,61
203;31200;62200;INVERSIÓ SALUT;0,00;3.901,04;3.901,04;0,00
204;92400;22199;ALTRES SUBMINISTRAMENTS OFICINA INFORMACIÓ;7.500,00;1.504,88;9.004,88;2.002,77
204;92400;22613;FINESTRETA ÚNICA;5.500,00;0,00;5.500,00;0,00
204;92400;12004;RETR.BAS.P.FUNCIONARI C2 INFORMACIÓ CIUTADANA;0,00;0,00;0,00;0,00
204;92400;12006;TRIENNIS P FUNCIONARI INFORMACIÓ CIUTADANA;0,00;0,00;0,00;0,00
204;92400;12009;ALTRES RETR.BAS.P.FUNCIONARI INFORMACIÓ CIUTADANA;0,00;0,00;0,00;0,00
204;92400;12100;COMP. DESTINACIÓ FUNCIONARIS INFORMACIÓ CIUTADANA;0,00;0,00;0,00;0,00
204;92400;12101;COMP. ESPECÍFIC FUNCIONARIS INFORMACIÓ CIUTADANA;0,00;0,00;0,00;0,00
204;92400;13000;RETR.BAS.P.LABORAL INFORMACIÓ CIUTADANA;395.016,56;0,00;395.016,56;54.456,74
204;92400;15000;PRODUCTIVITAT INFORMACIÓ CIUTADANA;31.529,32;0,00;31.529,32;2.441,41
204;92400;15100;GRATIFICACIONS INFORMACIÓ CIUTADANA;433,59;0,00;433,59;0,00
204;92400;15300;COMPLEMENT DE DEDICACIÓ ESPECIAL INFORMACIÓ CIUTADANA;56.477,76;0,00;56.477,76;9.030,10
204;92400;16000;QUOTES SOCIALS INFORMACIÓ CIUTADANA;147.562,80;0,00;147.562,80;24.942,90
204;92400;22100;SUBM. ENERGIA ELÈCTRICA OFICINA INFORMACIÓ;0,00;0,00;0,00;0,00
204;92400;22612;AJUNTAMENT MÉS A PROP;12.000,00;409,47;12.409,47;0,00
204;92400;22700;NETEJA OFICINA INFORMACIÓ CIUTADANA;0,00;0,00;0,00;0,00
204;92400;62200;INVERSIONS OIAC;0,00;2.361,75;2.361,75;242,00
210;13200;60901;PLA LOCAL DE SEGURETAT VIÀRIA 2013-2016;0,00;19.058,72;19.058,72;0,00
210;13300;22712;SERVEI GRUA;100.000,00;495,20;100.495,20;6.689,81
210;13300;22009;MATERIAL OFICINA MOBILITAT;32.960,00;496,03;33.456,03;2.105,77
210;13300;21001;MANTENIMENT DE PILONES;22.000,00;4.831,26;26.831,26;1.536,55
210;13300;21000;MANTENIMENT DE SEMÀFORS;300.000,00;37.159,40;337.159,40;66.149,50
210;13300;22100;SUBM. ENERGIA ELÈCTRICA SEMÀFORS;127.310,00;9.704,04;137.014,04;17.326,67
210;13300;22799;SERVEI APARCAMENT HORARI LIMITAT;1.140.000,00;86.813,65;1.226.813,65;178.515,13
210;13300;60900;APARCAMENTS DISSUASORIS;0,00;6.941,58;6.941,58;0,00
210;13310;13000;RETR.BAS.P.LABORAL GRUA;0,00;0,00;0,00;0,00
210;13400;60942;CARRIL BICI SOTA VIES;0,00;474.298,27;474.298,27;0,00
210;13400;22711;GESTIÓ BICICLETA PÚBLICA;195.000,00;0,00;195.000,00;278,66
210;13400;22104;VESTUARI MOBILITAT;9.000,00;2.416,84;11.416,84;413,82
210;13400;21002;SENYALITZACIÓ DE VIANANTS;5.000,00;0,00;5.000,00;0,00
210;13400;12001;RETR.BAS.P.FUNCIONARI A2 MOBILITAT;12.906,52;0,00;12.906,52;1.917,96
210;13400;12003;RETR.BAS.P.FUNCIONARI C1 MOBILITAT;9.884,84;0,00;9.884,84;1.440,04
210;13400;12006;TRIENNIS P FUNCIONARI MOBILITAT;5.376,80;0,00;5.376,80;787,44
210;13400;12009;ALTRES RETR.BAS.P.FUNCIONARI MOBILITAT;6.306,04;0,00;6.306,04;0,00
210;13400;12100;COMP. DESTINACIÓ FUNCIONARIS MOBILITAT;11.732,52;0,00;11.732,52;1.955,42
210;13400;12101;COMP. ESPECÍFIC FUNCIONARIS MOBILITAT;16.391,88;0,00;16.391,88;2.731,98
210;13400;13000;RETR.BAS.P.LABORAL MOBILITAT;764.121,64;0,00;764.121,64;111.607,55
210;13400;13100;RETR.P.LABORAL TEMPORAL MOBILITAT;25.605,12;0,00;25.605,12;3.439,75
210;13400;143;ALTRE PERSONAL MOBILITAT;0,00;88.969,63;88.969,63;0,00
210;13400;15000;PRODUCTIVITAT MOBILITAT;32.307,07;0,00;32.307,07;0,00
210;13400;15100;GRATIFICACIONS MOBILITAT;3.468,76;0,00;3.468,76;1.477,55
210;13400;15300;COMPLEMENT DE DEDICACIÓ ESPECIAL MOBILITAT;72.028,26;0,00;72.028,26;10.631,10
210;13400;16000;QUOTES SOCIALS MOBILITAT;284.440,68;0,00;284.440,68;44.951,53
210;13400;22103;COMBUSTIBLE MOBILITAT;8.000,00;308,12;8.308,12;0,00
210;13400;22611;MMOVE-MOBILITY MANAGEMENT OVER EUROPE;0,00;0,00;0,00;0,00
210;13400;48000;SUBVENCIONS MOBILITAT;0,00;1.200,00;1.200,00;0,00
210;13400;60100;PLA DE MOBILITAT;0,00;71.879,10;71.879,10;998,25
210;13400;60102;INVERSIONS SEMAFÒRIQUES;0,00;9.812,81;9.812,81;0,00
210;13400;60141;CARRIL BICI DEVESA-FONTAJAU-TAIALA;0,00;19.000,38;19.000,38;0,00
210;13400;60142;CARRI BICICLETA SOTA VIES;0,00;474.298,27;474.298,27;0,00
210;13410;13000;RETR.BAS.P.LABORAL SERVEI GRUA;262.312,24;0,00;262.312,24;37.431,49
210;13410;15000;PRODUCTIVITAT SERVEI GRUA;11.156,40;0,00;11.156,40;0,00
210;13410;15100;GRATIFICACIONS MOBILITAT;0,00;1.500,00;1.500,00;139,08
210;13410;15300;COMPLEMENT DE DEDICACIÓ ESPECIAL SERVEI GRUA;45.948,72;0,00;45.948,72;7.859,92
210;13410;16000;SEGURETAT SOCIAL SERVEI GRUA;86.435,92;-1.500,00;84.935,92;19.466,85
210;15310;21202;MANTENIMENT BRIGADA ASTRES;258.000,00;21.851,90;279.851,90;44.153,42
210;15310;21300;MANTENIMENT EINES I UTILLATGE VIA PÚBLICA;15.000,00;3.990,19;18.990,19;799,52
210;15310;21201;EL·LIMINACIÓ GRAFITIS BARRI VELL;150.000,00;11.477,52;161.477,52;11.352,07
210;15310;21004;MANTENIMENT SENYALITZACIONS;102.000,00;65.274,86;167.274,86;23.565,42
210;15310;21002;MANTENIMENT VIES PÚBLIQUES;145.000,00;35.848,17;180.848,17;34.742,16
210;15310;12004;RETR.BAS.P.FUNCIONARI C2 BRIGADES;25.135,74;0,00;25.135,74;2.397,00
210;15310;12006;TRIENNIS P FUNCIONARI BRIGADES;9.509,88;0,00;9.509,88;930,80
210;15310;12009;ALTRES RETR.BAS.P.FUNCIONARI BRIGADES;6.164,08;0,00;6.164,08;0,00
210;15310;12100;COMP. DESTINACIÓ FUNCIONARIS BRIGADES;12.866,28;0,00;12.866,28;1.444,52
210;15310;12101;COMP. ESPECÍFIC FUNCIONARIS BRIGADES;25.879,07;0,00;25.879,07;6.882,76
210;15310;12103;ALTRES RETR.COMP. FUNCIONARIS BRIGADES;0,00;0,00;0,00;0,00
210;15310;13000;RETR.BAS.P.LABORAL BRIGADES;1.193.811,59;0,00;1.193.811,59;170.273,65
210;15310;15000;PRODUCTIVITAT BRIGADES;57.636,37;0,00;57.636,37;185,34
210;15310;15100;GRATIFICACIONS BRIGADES;30.351,61;0,00;30.351,61;2.421,20
210;15310;15300;COMPL. DEDICACIÓ ESPECIAL BRIGADES;0,00;0,00;0,00;0,00
210;15310;16000;QUOTES SOCIALS BRIGADES;463.089,48;0,00;463.089,48;74.043,68
210;15310;21003;MANTENIMENT D'ASFALTATS;45.000,00;101.892,27;146.892,27;42.788,90
210;15310;21005;MANTENIMENT VIES PÚBLIQUES SECTOR EST - MOBILITAT;35.000,00;0,00;35.000,00;0,00
210;15310;21900;MANTENIMENT EQUIPAMENT MOBILITAT;15.000,00;9.241,16;24.241,16;2.310,93
210;15310;22611;SUBMINISTRAMENTS I COL·LABORACIONS AMB AAVV;2.910,00;1.265,19;4.175,19;1.265,19
210;15310;22624;PRESSUPOST PARTICIPAT 2014 - VIA PÚBLICA;0,00;13.339,85;13.339,85;2.556,61
210;15310;60100;MOBILIARI URBÀ;50.000,00;7.830,49;57.830,49;0,00
210;15310;60101;ACTUACIONS VIA PÚBLICA;50.000,00;0,00;50.000,00;0,00
210;15310;60925;PRESSUPOSTOS PARTICIPATS - VIA PÚBLICA;0,00;135.635,22;135.635,22;8.644,36
210;15310;60941;ACTUACIONS A BARRIS;0,00;38,40;38,40;0,00
210;15310;61001;PLA ACCESSIBILITAT VIA PÚBLICA;0,00;8.161,39;8.161,39;0,00
210;15320;21003;MANTENIMENT D'ASFALTATS;0,00;0,00;0,00;0,00
210;15320;61000;PLA ASFALTS I PLA DE VORERES;250.000,00;144.618,68;394.618,68;0,00
210;15320;62200;INVERSIÓ MOBILITAT D'EINES I UTILLATGE;0,00;15.554,46;15.554,46;0,00
210;16500;21000;MANTENIMENT ENLLUMENAT PÚBLIC;95.000,00;8.983,45;103.983,45;9.122,65
210;23100;22300;T-12 TRANSPORT URBÀ;0,00;48.080,00;48.080,00;3.080,00
210;23100;44200;TARIFACIÓ SOCIAL;865.000,00;-48.080,00;816.920,00;0,00
210;44110;44200;TRANSPORT PÚBLIC;1.146.000,00;0,00;1.146.000,00;300.000,00
210;44200;22700;NETEJA CENTRAL AUTOBUSOS;55.700,00;14.005,33;69.705,33;10.787,68
210;44200;22199;ALTRES SUBMINISTRAMENTS CENTRAL AUTOBUSOS;12.420,00;4.818,68;17.238,68;4.547,73
210;44200;22100;SUBM. ENERGIA ELÈCTRICA CENTRAL AUTOBUSOS;12.390,00;3.791,60;16.181,60;3.791,60
210;92000;21201;MANTENIMENT EDFICIS BRIGADES;25.000,00;10.159,33;35.159,33;3.379,75
210;92000;22600;PREVENCIÓ RISCOS LABORALS UOS;4.500,00;-4.500,00;0,00;0,00
210;92000;22104;VESTUARI BRIGADES;39.200,00;23.802,63;63.002,63;6.299,75
210;92000;21200;MANTENIMENT EDIFICIS MUNICIPALS;75.000,00;27.880,88;102.880,88;24.941,28
210;92000;21400;MANTENIMENT PARC MÒBIL;53.350,00;3.317,82;56.667,82;9.022,12
210;92000;21901;MANTENIMENT EINES I UTILLATGE U.O.S.;50.000,00;673,13;50.673,13;3.346,21
210;92000;22100;SUBM. ENERGIA ELÈCTRICA EDIFICI BRIGADES;36.750,00;5.534,69;42.284,69;5.534,69
210;92000;22102;SUBM. GAS EDIFICI BRIGADES;14.000,00;289,43;14.289,43;1.042,09
210;92000;22103;COMBUSTIBLE BRIGADES;57.000,00;2.812,93;59.812,93;6.326,19
210;92000;22700;NETEJA EDIFICI BRIGADES;42.000,00;2.845,38;44.845,38;3.906,62
210;92000;62200;INVERSIÓ BRIGADES UOS;0,00;6.933,03;6.933,03;457,38
211;13200;22611;PLA D'EMERGÈNCIES;218.160,00;0,00;218.160,00;18.148,39
211;13200;22009;MATERIAL OFICINA POLICIA MUNICIPAL;6.285,60;624,55;6.910,15;529,30
211;13200;21301;MANTENIMENT EQUIPAMENT POLICIA MUNICIPAL;84.422,38;7.832,32;92.254,70;18.331,38
211;13200;22610;DESPESES POLICIA MUNICIPAL;18.624,00;10.470,15;29.094,15;5.799,92
211;13200;21400;MANTENIMENT VEHICLES POLICIA;23.000,00;2.636,13;25.636,13;3.867,15
211;13200;22104;VESTUARI POLICIA MUNICIPAL;97.800,00;84.982,47;182.782,47;0,00
211;13200;21300;MANTENIMENT XARXA COMUNICACIONS;6.000,00;5.400,26;11.400,26;708,83
211;13200;12000;RETR.BAS.P.FUNCIONARI A1 SEGURETAT;14.677,32;0,00;14.677,32;2.218,10
211;13200;12001;RETR.BAS.P.FUNCIONARI A2 SEGURETAT;12.906,52;0,00;12.906,52;1.917,96
211;13200;12003;RETR.BAS.P.FUNCIONARI C1 SEGURETAT;103.790,82;0,00;103.790,82;14.400,40
211;13200;12004;RETR.BAS.P.FUNCIONARI C2 SEGURETAT;988.672,44;0,00;988.672,44;133.950,13
211;13200;12006;TRIENNIS P FUNCIONARI SEGURETAT;225.265,22;0,00;225.265,22;31.631,88
211;13200;12009;ALTRES RETR.BAS.P.FUNCIONARI SEGURETAT;496.402,13;0,00;496.402,13;0,00
211;13200;12100;COMP. DESTINACIÓ FUNCIONARIS SEGURETAT;620.343,84;0,00;620.343,84;98.658,44
211;13200;12101;COMP. ESPECÍFIC FUNCIONARIS SEGURETAT;1.336.046,88;0,00;1.336.046,88;236.101,99
211;13200;12103;ALTRES RETR.COMP.FUNCIONARIS SEGURETAT;0,00;0,00;0,00;0,00
211;13200;12401;RETR.BAS.P.FUNCIONARI A1 EN PRÀCTIQUES SEGURETAT;12.906,52;0,00;12.906,52;1.917,96
211;13200;12404;RETR.BAS.P.FUNCIONARI C2 EN PRÀCTIQUES SEGURETAT;75.407,22;0,00;75.407,22;10.746,53
211;13200;12406;TRIENNIS P. FUNCIONARI EN PRÀCTIQUES SEGURETAT;6.036,00;0,00;6.036,00;867,48
211;13200;12409;ALTRES RETRIBUCIONS FUNCIONARIS EN PRÀCTIQUES;0,00;0,00;0,00;0,00
211;13200;13000;RETR.BAS.P.LABORAL SEGURETAT;113.169,26;0,00;113.169,26;16.488,79
211;13200;13100;RETR.BAS.P.LABORAL TEMPORAL SEGURETAT;103.000,00;0,00;103.000,00;10.538,41
211;13200;15000;PRODUCTIVITAT SEGURETAT;137.868,86;0,00;137.868,86;0,00
211;13200;15100;GRATIFICACIONS PERSONAL SEGURETAT;121.406,44;0,00;121.406,44;15.700,21
211;13200;15300;COMPLEMENT DE DEDICACIÓ ESPECIAL SEGURETAT;1.030.606,38;0,00;1.030.606,38;165.600,73
211;13200;16000;QUOTES SOCIALS SEGURETAT;1.478.416,47;0,00;1.478.416,47;263.361,89
211;13200;22100;SUBM. ENERGIA ELÈCTRICA BACIÀ;40.068,00;6.062,49;46.130,49;6.787,99
211;13200;22103;COMBUSTIBLE I CARBURANT POLICIA;68.000,00;17.191,71;85.191,71;12.248,86
211;13200;22700;NETEJA EDIFICI BACIÀ;63.700,00;5.018,87;68.718,87;10.055,88
211;13200;60900;VIGILÀNCIA;0,00;2.346,14;2.346,14;1.210,00
211;13200;60924;PRESSUPOST PARTICIPAT 2014 - SEGURETAT CIUTADANA;0,00;43.049,00;43.049,00;0,00
211;13200;62200;INVERSIÓ POLICIA MUNICIPAL;0,00;45.496,91;45.496,91;9.658,60
211;13200;62600;SMART CITY POLICIA MUNICIPAL;25.000,00;0,00;25.000,00;0,00
211;13500;22612;PROTECCIÓ CIVIL;4.850,00;0,00;4.850,00;0,00
300;15000;22612;DESPESES OFICINA BARRI VELL;2.095,20;0,00;2.095,20;0,00
300;15000;22610;DESPESES URBANISME;57.460,00;183.441,34;240.901,34;46.253,24
300;15000;12000;RETR.BAS.P.FUNCIONARI A1 URBANISME;29.354,64;0,00;29.354,64;4.436,20
300;15000;12001;RETR.BAS.P.FUNCIONARI A2 URBANISME;12.906,52;0,00;12.906,52;1.917,96
300;15000;12003;RETR.BAS.P.FUNCIONARI C1 URBANISME;49.424,20;0,00;49.424,20;7.200,20
300;15000;12004;RETR.BAS.P.FUNCIONARI C2 URBANISME;8.378,58;0,00;8.378,58;1.853,23
300;15000;12006;TRIENNIS P FUNCIONARI URBANISME;38.513,02;0,00;38.513,02;5.746,12
300;15000;12009;ALTRES RETR.BAS.P.FUNCIONARI URBANISME;28.024,88;0,00;28.024,88;0,00
300;15000;12100;COMP. DESTINACIÓ FUNCIONARIS URBANISME;54.352,80;0,00;54.352,80;9.058,80
300;15000;12101;COMP. ESPECÍFIC FUNCIONARIS URBANISME;78.663,96;0,00;78.663,96;13.110,66
300;15000;13000;RETR.BAS.P.LABORAL URBANISME;1.300.998,87;0,00;1.300.998,87;181.963,31
300;15000;15000;PRODUCTIVITAT URBANISME;47.717,60;0,00;47.717,60;0,00
300;15000;15100;GRATIFICACIONS PERSONAL URBANISME;7.804,70;0,00;7.804,70;0,00
300;15000;15300;COMPLEMENT DE DEDICACIÓ ESPECIAL URBANISME;105.258,84;0,00;105.258,84;16.627,99
300;15000;16000;QUOTES SOCIALS URBANISME;500.187,06;0,00;500.187,06;84.258,27
300;15000;22100;SUBM. ENERGIA ELÈCTRICA URBANISME;11.130,00;1.812,55;12.942,55;2.007,69
300;15000;22103;COMBUSTIBLE I CARBURANT URBANISME;2.000,00;0,00;2.000,00;0,00
300;15100;22610;CARTOGRAFIA DIGITAL;129.010,00;34.362,15;163.372,15;1.175,82
300;15100;22009;MATERIAL OFICINA PER A L'OFICINA TÈCNICA;10.000,00;249,25;10.249,25;535,85
300;15100;12003;RETR.BAS.P.FUNCIONARI C1 UMAT;0,00;0,00;0,00;0,00
300;15100;12009;ALTRES RETR.BAS.P.FUNCIONARI UMAT;0,00;0,00;0,00;0,00
300;15100;12100;COMP. DESTINACIÓ FUNCIONARIS UMAT;0,00;0,00;0,00;0,00
300;15100;12101;COMP. ESPECÍFIC FUNCIONARIS UMAT;0,00;0,00;0,00;0,00
300;15100;13000;RETR.BAS.P.LABORAL UMAT;242.310,18;0,00;242.310,18;32.305,53
300;15100;13100;RETR.P.LABORAL TEMPORAL UMAT;0,00;0,00;0,00;0,00
300;15100;15000;PRODUCTIVITAT UMAT;7.312,71;0,00;7.312,71;0,00
300;15100;15300;COMPLEMENT DE DEDICACIÓ ESPECIAL UMAT;33.597,84;0,00;33.597,84;4.973,55
300;15100;16000;QUOTES SOCIALS UMAT;72.296,44;0,00;72.296,44;12.243,59
300;15100;22100;SUBM. ENERGIA ELÈCTRICA BEATES UMAT;0,00;321,82;321,82;321,82
300;15100;22103;COMBUSTIBLE I CARBURANT BEATES UMAT;0,00;0,00;0,00;0,00
300;15100;22604;RESTAURACIÓ FAÇANES CARRER NOU 6-8 I P JOSEP PLA;0,00;17.362,75;17.362,75;0,00
300;15100;22611;PROJECTE CLEAN - XARXA EUROPEA ERNEST;0,00;13.364,87;13.364,87;0,00
300;15100;22612;PROJECTE ENTER HUB;0,00;16.745,77;16.745,77;2.164,23
300;15100;60100;PROJECTES URBANISME;250.000,00;258.296,64;508.296,64;16.711,31
300;15100;60102;PLA INTEGRAL SECTOR EST - URBANISME;50.000,00;0,00;50.000,00;0,00
300;15100;60103;REDACCIÓ PLA ESPECIAL SANT NARCÍS;0,00;49.157,84;49.157,84;0,00
300;15100;60913;REMODELACIÓ FAÇANES RIU ONYAR TRAM BALLESTERIES;0,00;22.670,58;22.670,58;0,00
300;15100;60924;MILLORES A BARRIS - PROCES PARTICIPATIU;1.200.000,00;842.208,94;2.042.208,94;107.563,54
300;15100;60925;URBANITZACIÓ CARRER PALOL D'ONYAR;0,00;420,57;420,57;0,00
300;15100;60935;ASCENSORS VILARROJA;0,00;71.360,00;71.360,00;0,00
300;15100;60943;OBRES VÀRIES 2009;0,00;9.355,24;9.355,24;0,00
300;15100;60945;URBANITZACIÓ UA LA FERRADURA;0,00;659,06;659,06;0,00
300;15100;60946;FRONTISSA SANTA EUGÈNIA;0,00;1.526.838,16;1.526.838,16;0,00
300;15100;60954;REPARCEL:LACIÓ MAS MARROC;0,00;225,46;225,46;0,00
300;15100;60957;UA FONT DE L'ABELLA 1;0,00;8.543,77;8.543,77;0,00
300;15100;60968;URBANITZACIÓ PLA DE BAIX DE DOMENY;0,00;506.253,55;506.253,55;0,00
300;15100;60981;URBANITZACIO CARRER MONTBO;0,00;49.289,34;49.289,34;0,00
300;15100;60982;REPARCEL·LACIÓ ACCES NORD;0,00;97.568,91;97.568,91;0,00
300;15100;60983;URBANITZACIÓ UA 01 AGUSTÍ RIERA;0,00;23.876,89;23.876,89;0,00
300;15100;60985;PMU CARRER BARCELONA;0,00;31.824,00;31.824,00;0,00
300;15100;60987;REPARCEL·LACIÓ DEL PMU CARRER TOSSA D'ALP;0,00;23.400,67;23.400,67;0,00
300;15100;60989;URBANITZACIÓ SECTOR GIRONA - VILABLAREIX;0,00;225.722,69;225.722,69;0,00
300;15100;60990;URBANITZACIÓ SECTOR CASERNES;0,00;14.264,06;14.264,06;14.264,06
300;15100;60998;ENDERROC NAUS CARRETERA BARCELONA;0,00;224.652,37;224.652,37;0,00
300;15100;62100;REPARCEL·LACIÓ UA MAS GRI;0,00;184.577,91;184.577,91;0,00
300;15100;62201;INVERSIÓ UMAT;0,00;1.710,94;1.710,94;0,00
300;15100;62300;PLA ASCENSORS;0,00;323.199,21;323.199,21;18.150,00
300;15300;60100;PLAÇA BIBLIOTECA CARLES RAHOLA;175.000,00;0,00;175.000,00;0,00
300;15300;60900;URBANITZACIÓ PLAÇA PALLACH 1A FASE;150.000,00;0,00;150.000,00;0,00
300;15300;60901;HABILITACIÓ ESPAI SOLAR ACCESSOS PONT DEL TER;80.000,00;0,00;80.000,00;0,00
300;15300;60902;PLA DE MILLORA QUÍMICS;40.000,00;0,00;40.000,00;0,00
300;15300;61000;RESTITUCIÓ ESCULTURA PLAÇA EUROPA;100.000,00;0,00;100.000,00;0,00
300;15310;21000;RETOLACIÓ DE CARRERS;2.060,00;0,00;2.060,00;0,00
300;15310;60101;RAMBLA XAVIER CUGAT;0,00;400.000,00;400.000,00;0,00
300;15310;60901;CARRER BORRASSÀ;0,00;256.996,37;256.996,37;76.961,51
300;15310;60902;PROJECTE PUJADA PUNTA DEL PI;50.000,00;0,00;50.000,00;0,00
300;15310;60903;PLAÇA PALLOL;0,00;370.253,40;370.253,40;51.672,21
300;15310;60905;PASSATGE FONT DEL REI;0,00;662,52;662,52;0,00
300;15310;60906;MURALLA SANTA LLÚCIA;0,00;4.991,03;4.991,03;0,00
300;15310;60907;PROJECTE PONT DEL DIMONI;50.000,00;32.400,00;82.400,00;0,00
300;15310;60908;PROJECTE ACCÉS NORD-PALAU;100.000,00;0,00;100.000,00;0,00
300;15310;60910;SANTA LLÚCIA;0,00;23.406,05;23.406,05;0,00
300;15310;60917;PONT DE PEDRET;0,00;384.180,81;384.180,81;60.885,55
300;15310;60921;GUAL INUNDABLE GERMANS SÀBAT;0,00;19.376,44;19.376,44;0,00
300;15310;60924;PRESSUPOST PARTICIPAT 2013 - VIA PÚBLICA;0,00;51.267,21;51.267,21;0,00
300;15310;60931;PLAÇA DEL VI;0,00;9.550,91;9.550,91;0,00
300;15310;60962;VIALS POLITÈCNICA;0,00;96.901,04;96.901,04;0,00
300;15310;60994;ACCESSIBILITAT ENTORN SANTA LLÚCIA;0,00;3.515,45;3.515,45;781,88
300;15310;60995;CARRER BISBE SIVILLA;0,00;1.150.147,64;1.150.147,64;325.249,57
300;15310;60996;PLAÇA MARE DE DÉU DE MONTSERRAT;0,00;116.876,40;116.876,40;6.966,64
300;15310;61900;RETOLACIÓ DE CARRERS;0,00;2.737,82;2.737,82;1.204,75
300;16000;21000;MANTENIMENT XARXA SANEJAMENT;600.000,00;2.453,22;602.453,22;100.000,02
300;16000;60100;PLA SANEJAMENT GENERAL I ACTUACIÓ MONTJUIC;550.000,00;100.997,36;650.997,36;62.682,01
300;16000;60947;SANEJAMENT FONS DE COHESIÓ;0,00;6.066,16;6.066,16;0,00
300;16500;21001;PLA ESTALVI I INSPECCIONS TÈCNIQUES;41.962,20;41.962,20;83.924,40;0,00
300;16500;22100;SUBM. ENERGIA ELÈCTRICA ENLLUMENAT PÚBLIC;1.850.000,00;363.451,53;2.213.451,53;153.809,28
300;16500;60907;ENLLUMENAT CARRER DE LA CREU;0,00;9.276,67;9.276,67;0,00
300;16500;60908;PLA ENLLUMENAT I INSPECCIÓ TÈCNICA;300.000,00;133.761,20;433.761,20;0,00
300;17100;60901;PLA DEVESA;0,00;135.406,85;135.406,85;0,00
300;17100;60920;REFORMA JARDINS PEDRERES;0,00;149.303,28;149.303,28;0,00
300;33342;60900;CASA PASTORS;0,00;53.809,64;53.809,64;0,00
300;33390;62500;EQUIPAMENT LA MARFA;0,00;12.366,41;12.366,41;0,00
300;33700;60908;LOCAL SOCIAL PALAU;0,00;50.000,00;50.000,00;0,00
300;33700;60911;PROJECTE LUDOTECA;0,00;20.000,00;20.000,00;0,00
300;34200;60999;COBRIMENT PISTES URBANISME;0,00;384.464,89;384.464,89;0,00
300;93300;60904;CASA PASTORS;0,00;0,00;0,00;0,00
300;93300;60916;BIBLIOTECA SALVADOR ALLENDE;0,00;12.306,38;12.306,38;12.306,38
300;93300;62200;MODERN;0,00;820.648,85;820.648,85;0,00
310;43000;13000;RETR.BAS.P.LABORAL PROMOCIÓ I OCUPACIÓ;83.843,00;0,00;83.843,00;11.918,75
310;43000;15000;PRODUCTIVITAT PROMOCIÓ I OCUPACIÓ;2.789,10;0,00;2.789,10;0,00
310;43000;15100;GRATIFICACIONS PROMOCIÓ I OCUPACIÓ;1.734,38;0,00;1.734,38;0,00
310;43000;15300;COMPLEMENT DE DEDICACIÓ ESPECIAL PROMOCIÓ I OCUPACIÓ;11.485,92;0,00;11.485,92;1.914,32
310;43000;16000;QUOTES SOCIALS PROMOCIÓ I OCUPACIÓ;26.744,28;0,00;26.744,28;4.535,36
310;43000;22199;ALTRES SUBMINISTRAMENTS PROMOCIÓ I OCUPACIÓ;15.525,00;7.201,57;22.726,57;1.661,14
310;43000;62200;INVERSIONS PROMOCIÓ I OCUPACIÓ;0,00;1.697,95;1.697,95;0,00
310;43300;22612;COFINANÇAMENT PROGRAMES;14.700,00;4.595,85;19.295,85;0,00
310;43300;22613;PROMOCIÓ ÀREES URBANES GIRONA I FIGUERES;0,00;7.408,00;7.408,00;7.408,00
310;43300;48100;AGÈNCIA DE PROMOCIÓ ECONÒMICA;100.000,00;9.000,00;109.000,00;0,00
310;43300;48101;PLA ESTRATÈGIC DE PROMOCIÓ ECONÒMICA I PROMOCIÓ;0,00;63.000,00;63.000,00;0,00
311;24100;62200;INVERSIÓ SMO;0,00;6.638,94;6.638,94;251,83
311;24100;22611;DESPESES SERVEI MUNICIPAL D'OCUPACIÓ;38.800,00;5.587,37;44.387,37;7.933,64
311;24100;14362;TO 1A FASE - GLB-045/12;0,00;0,20;0,20;0,00
311;24100;14315;ALTRE PERSONAL FORMACIO OCUPACIONAL;0,00;0,00;0,00;0,00
311;24100;14316;ENS DE DESENVOLUPAMENT ECONÒMIC I LOCAL;0,00;0,00;0,00;0,00
311;24100;14323;ALTRE PERSONAL PLA OCUPACIO MILLORA ENTORNS URBANS;0,00;25,36;25,36;0,00
311;24100;14342;DISL GTB-072/14;0,00;221.691,05;221.691,05;35.742,74
311;24100;14343;FP APLICACIÓ DECORACIÓ GTB-072/14;0,00;2.768,28;2.768,28;0,00
311;24100;14344;FP PATRONATGE I CONFECCIÓ GTB-072/14;0,00;2.768,28;2.768,28;0,00
311;24100;14345;CO 1A i 2A FASE GTB-072/14;0,00;63.253,04;63.253,04;13.866,34
311;24100;14346;PO APLICACIÓ DECORACIÓ GTB-072/14;0,00;96.832,80;96.832,80;0,00
311;24100;14347;PO BRIGADA MANTENIMENT EQUIP. GTB-072/14;0,00;126.175,50;126.175,50;12.556,53
311;24100;14348;PO BRIGADA SUPRESSIÓ BARRERES GTB-072/14;0,00;126.175,50;126.175,50;0,00
311;24100;14349;PO CONTROL CIVISME EN FIRES GTB-072/14;0,00;24.782,64;24.782,64;0,00
311;24100;14350;PO CONTROL CIVISME VIA PÚBLICA GTB-072/14;0,00;74.347,86;74.347,86;7.333,92
311;24100;14351;PO PATRONATGE I CONFECCIÓ GTB-072/14;0,00;96.832,80;96.832,80;0,00
311;24100;14352;AODL E1-03 GTB-072/14;0,00;33.274,34;33.274,34;4.969,40
311;24100;14364;14/FOAP/248/01-13186/IF001;0,00;33.137,27;33.137,27;11.970,82
311;24100;14365;14/FOAP/248/01-13186/IF002;0,00;14.000,00;14.000,00;0,00
311;24100;14366;14/FOAP/248/01-13186/IF004;0,00;12.000,00;12.000,00;0,00
311;24100;14367;14/FOAP/248/01-13186/IF006;0,00;10.000,00;10.000,00;1.070,20
311;24100;14368;JPO-28/2014;0,00;192.366,68;192.366,68;17.568,56
311;24100;14369;CO 1A i 2A FASE GTB-072/14 (SOUS ALUMNAT);0,00;36.533,90;36.533,90;0,00
311;24100;14373;TREBALL I FORMACIÓ 2013/PANP/SPO/0029;0,00;0,00;0,00;0,00
311;24100;14374;TREBALL I FORMACIÓ 2013/PRMI/SPO/0019;0,00;0,00;0,00;0,00
311;24100;14376;OCUPACIÓ PER JOVES FOJ-46-2013;0,00;6.882,34;6.882,34;6.882,34
311;24100;14377;JOVES PER L'OCUPACIÓ JPO-21-2013;0,00;45.863,67;45.863,67;31.761,44
311;24100;14378;DISPOSITIU INSERCIÓ SOCIOLABORAL;0,00;0,00;0,00;0,00
311;24100;14379;SOUS ALUMNAT -TREBALL ALS BARRIS EXP GLB-076;0,00;0,00;0,00;0,00
311;24100;14380;FORMACIÓ PROFESSIONAL PATRONATGE I CONFECCIÓ;0,00;0,00;0,00;0,00
311;24100;14381;CASA D'OFICIS DE VIVERISME I HORTES SANTA EUGÈNIA;0,00;688,58;688,58;688,58
311;24100;14382;AGENTS CÍVICS;0,00;5.066,11;5.066,11;5.066,11
311;24100;14383;BRIGADA MICROURBANISME I MANTENIMENT EQUIPS;0,00;1.398,67;1.398,67;1.398,67
311;24100;14384;MICROURBANISME I SUPRESSIÓ BARRERES ARQUITECTÒNIQUES;0,00;3.512,88;3.512,88;3.512,88
311;24100;14385;PATRONATGE I CONFECCIÓ;0,00;3.661,82;3.661,82;3.661,82
311;24100;14386;FORMACIÓ OCUPACIONAL SSCS0208;0,00;0,00;0,00;0,00
311;24100;14387;FORMACIÓ OCUPACIONAL SSCS0108;0,00;0,00;0,00;0,00
311;24100;14388;FORMACIÓ OCUPACIONAL COMV0108;0,00;1.531,89;1.531,89;0,00
311;24100;14389;FORMACIÓ OCUPACIONAL COMT0211;0,00;0,00;0,00;0,00
311;24100;14390;FORMACIÓ OCUPACIONAL AGAO0208;0,00;0,00;0,00;0,00
311;24100;14391;TREBALL I FORMACIÓ RMI EXP 2014/PRMI/SPO/0020;0,00;47.053,06;47.053,06;33.718,96
311;24100;14392;EXPERIÈNCIA LABORAL EXP 2014/PANP/SPO/0073;0,00;145.685,44;145.685,44;69.063,11
311;24100;14393;COORDINACIÓ I PROSPECCIÓ D'EMPRESES 2014/PANP/SPO/0073;0,00;9.445,61;9.445,61;3.443,80
311;24100;14394;AODL PROMOCIÓ CONGRESSOS- MARIONA TRIOLA;0,00;32.186,36;32.186,36;4.919,66
311;24100;14395;AODL PROMOCIÓ- IRMA BERTRAN;0,00;34.091,75;34.091,75;4.973,04
311;24100;14396;AODL PROMOCIÓ- OBDÚLIA GUTIERRES;0,00;34.071,70;34.071,70;4.978,04
311;24100;14397;AODL PROMOCIÓ- SÍLVIA PRUNELLA;0,00;33.579,76;33.579,76;3.979,46
311;24100;14304;AODL CONGRESSOS;0,00;3.653,49;3.653,49;0,00
311;24100;14305;AODL NNTT - GLB-045/12 - TECNIC A GLB 6080 PROG 6;0,00;2.127,80;2.127,80;0,00
311;24100;14308;AODL PLA DE BARRIS - EXP G-130/11/ - E.M.;0,00;0,00;0,00;0,00
311;24100;14332;AODL SERVEIS - GLB-076/13;0,00;31.858,88;31.858,88;5.141,38
311;24100;14372;ATURATS LLARGA DURADA - ALLD/2012/0024;0,00;0,00;0,00;0,00
311;24100;14360;TB DISL FRACAS ESCOLAR - GLB-045/12;0,00;0,00;0,00;0,00
311;24100;14371;JOVES PER L'OCUPACIO - JPO-49-2012;0,00;0,00;0,00;0,00
311;24100;14363;TO 2A FASE - GLB-045/12;0,00;0,00;0,00;0,00
311;24100;13000;RETR.BAS.P.LABORAL OCUPACIÓ;202.099,42;0,00;202.099,42;29.072,25
311;24100;14341;PLANS FORMATIUS EXP 11/EELL/161/0062171;0,00;0,00;0,00;0,00
311;24100;15000;PRODUCTIVITAT OCUPACIÓ;6.507,90;0,00;6.507,90;0,00
311;24100;15100;GRATIFICACIONS OCUPACIÓ;0,00;0,00;0,00;0,00
311;24100;15300;COMPLEMENT DE DEDICACIÓ ESPECIAL OCUPACIÓ;22.404,24;0,00;22.404,24;3.734,04
311;24100;16000;QUOTES SOCIALS OCUPACIÓ;73.074,48;0,00;73.074,48;12.201,48
311;24100;22610;COFINANÇAMENT PROGRAMES OCUPACIONALS;200.000,00;184.692,81;384.692,81;17.725,19
311;24100;22612;LIQUIDACIÓ PROGRAMES OCUPACIONALS;0,00;56.991,78;56.991,78;0,00
311;24100;22613;ACTUACIONS CASES D'OFICIS;50.000,00;0,00;50.000,00;0,00
311;24100;22614;COOPERATIVISME;5.000,00;12.829,00;17.829,00;1.000,00
311;24100;22649;DISL GTB-072/14;0,00;10.600,00;10.600,00;0,00
311;24100;22650;FP APLICACIÓ I DECORACIÓ GTB-072/14;0,00;11.781,28;11.781,28;0,00
311;24100;22651;FP PATRONATGE I CONFECCIÓ GTB-072/14;0,00;11.781,28;11.781,28;0,00
311;24100;22652;CO 1A i 2A FASE GTB-072/14;0,00;26.460,00;26.460,00;1.893,08
311;24100;22653;COMV0108 ACTIVITATS DE VENDA;0,00;19.505,33;19.505,33;5.274,91
311;24100;22654;HOTR0508 SERVEIS DE BAR I CAFETERIA;0,00;33.711,91;33.711,91;5.256,73
311;24100;22655;AGAO0208 INSTAL·LACIÓ I MANTENIMENT JARDINS I ZONES VERDES;0,00;17.799,53;17.799,53;3.525,37
311;24100;22656;INAI0208 SACRIFICI, PREPARACIÓ CANAL I ESPECEJAMENT ANIMALS;0,00;31.254,53;31.254,53;0,00
311;24100;22657;COMT0211 ACTIVITATS AUXILIARS DE COMERÇ;0,00;6.308,19;6.308,19;72,60
311;24100;22658;SSCM0108 NETEJA DE SUPERFÍCIES I MOBILIARI;0,00;12.883,92;12.883,92;72,60
311;24100;22664;FORMACIÓ EXP 2014/PANP/SPO/0073;0,00;10.800,00;10.800,00;1.647,76
311;24100;22670;JOVES PER L'OCUPACIÓ;0,00;169.455,00;169.455,00;3.621,72
311;24100;22671;JOVERS PER L'OCUPACIÓ - JPO-49-2012;0,00;61.486,80;61.486,80;0,00
311;24100;22672;ATURATS DE LLARGA DURADA EXP JPO-049-2012;0,00;26.415,00;26.415,00;0,00
311;24100;22673;PLA OCUPACIÓ JUVENIL 1305_01;0,00;145.109,99;145.109,99;4.597,77
311;24100;22674;PROGRAMA DE FOMENT D'OCUPACIÓ 1305_2;0,00;35.651,00;35.651,00;9.213,31
311;24100;22683;FER OCUPACIÓ PER JOVES FOJ-46-2013;0,00;32.094,82;32.094,82;760,00
311;24100;22684;JOVES PER L'OCUPACIÓ JPO-21-2013;0,00;77.620,37;77.620,37;0,00
311;24100;22685;DISPOSITIU INSERCIÓ SOCIOLABORAL TERBALL BARRIS GLB-073/13;0,00;1.269,59;1.269,59;1.269,59
311;24100;22686;FORMACIÓ PATRONATGE I CONFECCIÓ EXP GLB-076/13;0,00;471,75;471,75;471,75
311;24100;22687;CASA OFICIS VIVERISME I MANT. HORTES STA EUGÈNIA GLB-073/13;0,00;4.566,63;4.566,63;4.566,63
311;24100;22691;TREBALL I FORMACIÓ RMI EXP 2014/PRMI/SPO/0020;0,00;1.671,54;1.671,54;0,00
311;24100;48000;CONVENIS OCUPACIÓ;30.000,00;0,00;30.000,00;0,00
311;24100;48001;PLA ACTÚA - OCUPACIÓ;275.000,00;250.000,00;525.000,00;0,00
311;24100;62201;OBRES CENTRE DE FORMACIÓ ROSALEDA;0,00;152.325,96;152.325,96;0,00
312;24100;14312;ALTRE PERSONAL GIRONA INNOVA;0,00;14,29;14,29;0,00
312;24100;49200;GIRONA INNOVA-IN 3842008;0,00;92,60;92,60;0,00
312;43000;13000;RETR.BAS.P.LABORAL TURISME I COMERÇ;90.821,72;0,00;90.821,72;12.907,74
312;43000;15000;PRODUCTIVITAT TURISME I COMERÇ;2.789,10;0,00;2.789,10;0,00
312;43000;15100;GRATIFICACIONS TURISME I COMERÇ;0,00;0,00;0,00;0,00
312;43000;15300;COMPLEMENT DE DEDICACIÓ ESPECIAL TURISME I COMERÇ;10.005,60;0,00;10.005,60;1.667,60
312;43000;16000;QUOTES SOCIALS TURISME I COMERÇ;26.404,56;0,00;26.404,56;4.460,92
312;43300;22109;ALTRES CONSUMS EDIFICI PROMOCIÓ EMPRESARIAL;20.681,25;19.269,64;39.950,89;13.994,32
312;43300;22199;ALTRES SUBMINISTRAMENTS PROMOCIÓ;6.800,00;8.019,95;14.819,95;8.457,59
312;43300;22610;OMIC;4.500,00;266,20;4.766,20;711,00
312;43300;14314;PROGRAMA INTEGRAL EMPRENEDORIA  EXP.014-05-2013;0,00;7.656,96;7.656,96;7.656,96
312;43300;14300;AODL D'EMPRENEDORIA I PROMOCIO EMPRESARIAL - S.P.;0,00;0,00;0,00;0,00
312;43300;13000;RETR.BAS.P.LABORAL EMPRESA;111.692,30;0,00;111.692,30;15.148,63
312;43300;14313;ALTRE PERSONAL PROJECTE GIRONA EMPREN;0,00;4.773,64;4.773,64;0,00
312;43300;14315;PROGRAMA INTEGRAL EMPRENEDORIA EXP PIFE-025-15;0,00;30.475,99;30.475,99;4.955,56
312;43300;15000;PRODUCTIVITAT EMPRESA;3.718,80;0,00;3.718,80;0,00
312;43300;15300;COMPLEMENT DE DEDICACIÓ ESPECIAL EMPRESA;16.503,63;0,00;16.503,63;2.572,10
312;43300;16000;QUOTES SOCIALS EMPRESA;39.303,96;0,00;39.303,96;6.557,30
312;43300;22100;SUBM. ENERGIA ELÈCTRICA PROMOCIÓ;13.356,00;321,82;13.677,82;321,82
312;43300;22600;PROJECTE AIXECAR PERSIANES;30.000,00;26.133,25;56.133,25;3.500,00
312;43300;22700;NETEJA EQUIPAMENTS PROMOCIÓ;9.600,00;16.311,51;25.911,51;5.126,16
312;43300;22710;COFINANÇAMENT INICIA;6.000,00;0,00;6.000,00;0,00
312;43300;22711;COFINANÇAMENT AODL - EMPREN - NOVES TECNOLOGIES;0,00;9.003,02;9.003,02;0,00
312;43300;22713;DESENVOLUPAMENT EMPRESARIAL EXP 014-05-2013;0,00;0,00;0,00;0,00
312;43300;22714;PROGRAMA INTEGRAL EMPRENEDORIA EXP PIFE-025-15;0,00;15.564,34;15.564,34;520,00
312;43300;48200;PROMOCIÓ EMPRESARIAL;75.600,00;48.415,19;124.015,19;44.227,37
313;15320;22699;INFRAESTRUCTURES FIRES;0,00;3.789,37;3.789,37;709,36
313;33810;13000;RETR.BAS.P.LABORAL DINAMITZACIÓ;26.646,74;0,00;26.646,74;3.728,64
313;33810;15000;PRODUCTIVITAT DINAMITZACIÓ;929,70;0,00;929,70;0,00
313;33810;15100;GRATIFICACIONS PERSONAL DINAMITZACIÓ;4.335,94;0,00;4.335,94;286,07
313;33810;15300;COMPLEMENT DE DEDICACIÓ ESPECIAL DINAMITZACIÓ;4.750,92;0,00;4.750,92;791,82
313;33810;16000;QUOTES SOCIALS DINAMITZACIÓ;10.369,20;0,00;10.369,20;1.792,69
313;33811;48000;CONVENIS PROMOCIÓ;127.600,00;0,00;127.600,00;0,00
313;33812;14310;ALTRE PERSONAL DINAMITZACIÓ;0,00;19,86;19,86;0,00
313;33812;22610;FIRES;318.152,17;12.878,80;331.030,97;12.460,88
313;33813;22611;DINAMITZACIÓ BARRIS;52.000,00;16.326,69;68.326,69;15.109,69
313;33813;22612;PROMOCIONS FESTES MAJORS;26.000,00;-22.133,31;3.866,69;51,48
313;33813;48000;PROMOCIÓ DE FESTES I TRADICIONS;0,00;24.000,00;24.000,00;0,00
320;43000;60915;LAVABOS PÚBLICS;0,00;43.199,08;43.199,08;0,00
320;43000;60927;APARCAMENT AUTOCARAVANES;0,00;10.000,00;10.000,00;0,00
320;43200;48002;INSTITUCIÓ FIRAL;94.662,00;0,00;94.662,00;0,00
320;43200;48000;EXPOSICIÓ DE FLORS;420.000,00;-45.830,87;374.169,13;14.000,00
320;43200;14300;PROJECTE NATURACC EFA 286/13 -CLÀUDIA RIERA;0,00;25.193,56;25.193,56;4.919,66
320;43200;13000;RETR.BAS.P.LABORAL TURISME;169.725,30;0,00;169.725,30;23.422,76
320;43200;13100;RETR.P.LABORAL TEMPORAL TURISME;20.471,06;0,00;20.471,06;0,00
320;43200;143;ALTRE PERSONAL PROJECTE RES'PIR;0,00;0,00;0,00;0,00
320;43200;15000;PRODUCTIVITAT TURISME;6.507,90;0,00;6.507,90;0,00
320;43200;15100;GRATIFICACIONS TURISME;0,00;0,00;0,00;0,00
320;43200;15300;COMPLEMENT DE DEDICACIÓ ESPECIAL TURISME;17.962,80;0,00;17.962,80;2.915,68
320;43200;16000;QUOTES SOCIALS TURISME;64.282,32;0,00;64.282,32;9.665,34
320;43200;22198;EXPOSICIÓ DE FLORS - SUBMINISTRAMENTS;36.225,00;55.764,58;91.989,58;0,00
320;43200;22199;ALTRES SUBMINISTRAMENTS OFICINA DE TURISME;21.735,00;4.768,73;26.503,73;5.786,74
320;43200;22611;DIFUSIÓ;29.100,00;2.020,51;31.120,51;3.548,78
320;43200;22612;MÀRKETING TERRITORIAL;23.730,00;16.945,93;40.675,93;4.500,00
320;43200;22613;PROJECTE DE COOPERACIÓ TRANSFRONTERERA RES'PIR;0,00;8.449,23;8.449,23;0,00
320;43200;22614;PROMOCIÓ TURÍSTICA;305.100,00;75.180,23;380.280,23;16.284,25
320;43200;22615;PROJECTE COOPERACIÓ TRANSFRONTERERA NATURACC;0,00;150.163,15;150.163,15;0,00
320;43200;22700;NETEJA OFICINES DE TURISME;39.500,00;-14.859,18;24.640,82;2.569,40
320;43200;22710;NETEJA PUNT BENVINGUDA;0,00;8.980,80;8.980,80;6.806,95
320;43200;22711;GESTIÓ PUNT BENVINGUDA;23.765,00;3.492,77;27.257,77;3.110,47
320;43200;22712;CONVENIS PRÀCTIQUES OFICINA TURISME;1.000,00;4.136,39;5.136,39;4.136,39
320;43200;22714;CONVENIS PRÀCTIQUES PUNT BENVINGUDA;1.000,00;0,00;1.000,00;0,00
320;43200;48001;CONVENIS TURISME;70.000,00;52.076,00;122.076,00;2.076,00
321;43100;22609;FIRA DE NADAL - PLAÇA INDEPENDÈNCIA;0,00;24.007,37;24.007,37;10.627,17
321;43110;21200;MILLORES MERCATS I EQUIPAMENTS;19.982,00;61.940,05;81.922,05;1.337,05
321;43110;14300;AODL COMERÇ  EXP GLB-076/13;0,00;4.521,49;4.521,49;4.521,49
321;43110;143;AODL COMERÇ - GLB-045/12;0,00;0,00;0,00;0,00
321;43110;12004;RETR.BAS.P.FUNCIONARI C2 COMERÇ;8.378,58;0,00;8.378,58;1.198,50
321;43110;12005;RETR.BAS.P.FUNCIONARI AP COMERÇ;7.678,58;0,00;7.678,58;1.096,94
321;43110;12006;TRIENNIS P FUNCIONARI COMERÇ;6.016,86;0,00;6.016,86;860,28
321;43110;12009;ALTRES RETR.BAS.P.FUNCIONARI COMERÇ;4.079,08;0,00;4.079,08;0,00
321;43110;12100;COMP. DESTINACIÓ FUNCIONARIS COMERÇ;7.589,52;0,00;7.589,52;1.264,92
321;43110;12101;COMP. ESPECÍFIC FUNCIONARIS COMERÇ;9.997,92;0,00;9.997,92;1.666,32
321;43110;13000;RETR.BAS.P.LABORAL COMERÇ;171.328,79;0,00;171.328,79;24.079,58
321;43110;15000;PRODUCTIVITAT COMERÇ;9.111,06;0,00;9.111,06;0,00
321;43110;15100;GRATIFICACIONS COMERÇ;2.601,57;0,00;2.601,57;641,07
321;43110;15300;COMPLEMENT DE DEDICACIÓ ESPECIAL COMERÇ;36.129,14;0,00;36.129,14;5.970,33
321;43110;16000;QUOTES SOCIALS COMERÇ;86.774,16;0,00;86.774,16;14.800,23
321;43110;22600;PLANS DINAMITZACIÓ COMERCIAL;45.000,00;12.540,68;57.540,68;6.358,86
321;43110;22612;DESPESES MERCATS VIA PÚBLICA;14.550,00;4.095,15;18.645,15;1.895,76
321;43110;22613;PROMOCIÓ COMERCIAL;112.760,00;116.590,68;229.350,68;108.221,60
321;43110;48000;CONVENIS COMERÇ;19.400,00;4.400,00;23.800,00;0,00
321;43120;22109;ALTRES SUBMINISTRAMENTS MERCAT ABASTAMENTS;4.718,00;31.835,89;36.553,89;3.857,08
321;43120;22700;NETEJA MERCAT ABASTAMENTS;75.000,00;5.768,06;80.768,06;11.536,22
321;43120;22610;PROMOCIÓ COMERCIAL MERCAT ABASTAMENTS;44.300,00;7.389,67;51.689,67;0,01
321;43120;22100;SUBM. ENERGIA ELÈCTRICA MERCAGIRONA;27.300,00;-12.644,48;14.655,52;3.201,52
321;43130;22100;SUBM. ENERGIA ELÈCTRICA MERCAT ABASTAMENTS;90.846,00;-7.687,27;83.158,73;4.612,73
321;43130;22199;ALTRES SUBMINISTRAMENTS MERCAGIRONA;61.450,00;1.368,10;62.818,10;10.951,01
321;43130;22700;NETEJA MERCAGIRONA;70.000,00;6.288,54;76.288,54;12.577,20
321;43130;22610;PROMOCIÓ COMERCIAL MERCAGIRONA;17.500,00;15.966,21;33.466,21;0,00
321;43140;22615;DESPESES MERCANT CAN GIBERT;26.190,00;2.320,69;28.510,69;1.803,65
400;01100;91300;AMORTITZACIO PRESTECS LLARG TERMINI;6.202.000,00;627.452,27;6.829.452,27;1.648.148,97
400;01100;31900;ALTRES DESPESES FINANCERES;25.000,00;25.601,64;50.601,64;0,00
400;01100;35200;INTERESSOS DE DEMORA;0,00;0,00;0,00;0,00
400;01100;31000;INTERESSOS OPERACIONS LLARG TERMINI;885.000,00;51.116,55;936.116,55;27.450,32
400;01100;31001;INTERESSOS OPERACIONS CURT TERMINI;27.000,00;54.193,74;81.193,74;0,00
400;01100;31100;DESPESES DE FORM, MODIFI CANCEL DE DEUTE;0,00;10.940,34;10.940,34;0,00
400;93100;22610;DESPESES DE GESTIÓ ECONÒMICA;60.680,80;41.158,33;101.839,13;29.543,39
400;93100;22009;MATERIAL OFICINA SERVEIS ECONÒMICS;8.633,00;572,69;9.205,69;342,61
400;93100;22611;DESPESES DE GESTIÓ RECAPTACIÓ;50.396,00;-1.104,21;49.291,79;5.669,90
400;93100;12000;RETR.BAS.P.FUNCIONARI A1 SERVEIS ECONÒMICS;88.063,92;0,00;88.063,92;15.745,34
400;93100;12001;RETR.BAS.P.FUNCIONARI A2 SERVEIS ECONÒMICS;51.626,08;0,00;51.626,08;7.671,84
400;93100;12003;RETR.BAS.P.FUNCIONARI C1 SERVEIS ECONÒMICS;29.654,52;0,00;29.654,52;4.224,14
400;93100;12006;TRIENNIS P FUNCIONARI SERVEIS ECONÒMICS;49.946,34;0,00;49.946,34;7.486,39
400;93100;12009;ALTRES RETR.BAS.P.FUNCIONARI SERVEIS ECONÒMICS;67.147,32;0,00;67.147,32;0,00
400;93100;12100;COMP. DESTINACIÓ FUNCIONARIS SERVEIS ECONÒMICS;105.651,36;0,00;105.651,36;17.466,71
400;93100;12101;COMP.ESPECÍFIC FUNCIONARIS SERVEIS ECONÒMICS;214.246,32;0,00;214.246,32;36.244,35
400;93100;13000;RETR.BAS.P.LABORAL SERVEIS ECONÒMICS;855.914,46;0,00;855.914,46;119.260,66
400;93100;13100;RETR.COMPL.LABORAL TEMPORAL SERVEIS ECONÒMICS;19.192,70;0,00;19.192,70;3.704,68
400;93100;15000;PRODUCTIVITAT SERVEIS ECONÒMICS;124.494,85;0,00;124.494,85;13.005,95
400;93100;15100;GRATIFICACIONS SERVEIS ECONÒMICS;3.468,76;0,00;3.468,76;0,00
400;93100;15300;COMPLEMENT DE DEDICACIÓ ESPECIAL SERVEIS ECONÒMICS;200.366,85;0,00;200.366,85;32.004,98
400;93100;16000;QUOTES SOCIALS SERVEIS ECONÒMICS;476.546,80;0,00;476.546,80;80.047,96
400;93100;62200;INVERSIONS SERVEIS ECONÒMICS;0,00;1.512,50;1.512,50;0,00
400;93400;22708;DESPESES GESTIÓ COBRAMENT;0,00;6.000,00;6.000,00;5.262,19
410;92000;22610;ANUNCIS I SUBSCRIPCIONS;44.620,00;0,00;44.620,00;6.681,28
410;92000;22604;HONORARIS I LITIGIS;31.040,00;8.130,00;39.170,00;9.375,30
410;92000;22009;MATERIAL OFICINA GOVERN LOCAL;21.650,40;2.138,10;23.788,50;5.512,27
410;92000;21900;MANTENIMENT EQUIPAMENT SERVEIS GENERALS;7.992,80;3.981,73;11.974,53;960,04
410;92000;11000;PERSONAL EVENTUAL HISENDA I GESTIÓ MUNICIPAL;27.129,71;0,00;27.129,71;7.744,54
410;92000;12000;RETR.BAS.P.FUNCIONARI A1 ADMINISTRACIÓ;95.402,58;0,00;95.402,58;13.308,60
410;92000;12003;RETR.BAS.P.FUNCIONARI C1 ADMINISTRACIÓ;19.769,68;0,00;19.769,68;2.880,08
410;92000;12006;TRIENNIS P FUNCIONARI ADMINISTRACIÓ;35.083,42;0,00;35.083,42;5.264,78
410;92000;12009;ALTRES RETR.BAS.P.FUNCIONARI ADMINISTRACIÓ;45.663,55;0,00;45.663,55;0,00
410;92000;12100;COMP. DESTINACIÓ FUNCIONARIS ADMINISTRACIÓ;72.495,48;0,00;72.495,48;11.250,18
410;92000;12101;COMP. ESPECÍFIC FUNCIONARIS ADMINISTRACIÓ;139.773,00;0,00;139.773,00;22.045,04
410;92000;13000;RETR.BAS.P.LABORAL ADMINISTRACIÓ;187.543,53;0,00;187.543,53;24.852,76
410;92000;15000;PRODUCTIVITAT ADMINISTRACIÓ;15.627,11;0,00;15.627,11;0,00
410;92000;151;GRATIFICACIONS ADMINISTRACIÓ;0,00;0,00;0,00;0,00
410;92000;15100;GRATIFICACIONS ADMINISTRACIÓ;1.734,38;1.567,50;3.301,88;0,00
410;92000;15300;COMPLEMENT DE DEDICACIÓ ESPECIAL ADMINISTRACIÓ;77.163,84;0,00;77.163,84;11.903,48
410;92000;16000;QUOTES SOCIALS ADMINISTRACIÓ;172.881,90;0,00;172.881,90;28.575,86
410;92000;22706;SERVEIS D'ADMINISTRACIÓ GENERAL;0,00;2.423,89;2.423,89;991,21
411;92000;20000;LLOGUER EQUIPAMENTS ADMINISTRACIÓ;0,00;0,00;0,00;0,00
411;92000;20200;LLOGUER EQUIPAMENTS ADMINISTRACIÓ;4.500,00;17.424,00;21.924,00;0,00
411;93300;22401;ASSEGURANCES;123.300,00;60.572,67;183.872,67;616,45
411;93300;22402;REVISIONS TÈCNIQUES VEHICLES;0,00;0,00;0,00;0,00
411;93300;21200;MANTENIMENT IMMOBLES;4.120,00;2.605,33;6.725,33;0,00
411;93300;22610;DESPESES PATRIMONI;2.810,00;16.097,50;18.907,50;4.088,28
411;93300;22400;PÒLISSA RESPONSABILITAT CIVIL;122.400,00;-9.900,00;112.500,00;628,72
411;93300;12003;RETR.BAS.P.FUNCIONARI C1 PATRIMONI;9.884,84;0,00;9.884,84;1.440,04
411;93300;12006;TRIENNIS P FUNCIONARI PATRIMONI;3.611,80;0,00;3.611,80;578,82
411;93300;12009;ALTRES RETR.BAS.P.FUNCIONARI PATRIMONI;2.148,22;0,00;2.148,22;0,00
411;93300;12100;COMP. DESTINACIÓ FUNCIONARIS PATRIMONI;4.737,48;0,00;4.737,48;789,58
411;93300;12101;COMP. ESPECÍFIC FUNCIONARIS PATRIMONI;4.329,36;0,00;4.329,36;721,56
411;93300;13000;RETR.BAS.P.LABORAL PATRIMONI;102.488,98;0,00;102.488,98;14.575,58
411;93300;15000;PRODUCTIVITAT PATRIMONI;2.789,10;0,00;2.789,10;0,00
411;93300;15300;COMPLEMENT DE DEDICACIÓ ESPECIAL PATRIMONI;19.127,52;0,00;19.127,52;3.187,92
411;93300;16000;QUOTES SOCIALS PATRIMONI;36.543,84;0,00;36.543,84;6.101,80
411;93300;20000;PRESSUPOST PARTICIPAT 2013 - LLOGUER;0,00;11.716,90;11.716,90;0,00
411;93300;21400;REVISIONS TÈCNIQUES VEHICLES;4.300,00;0,00;4.300,00;95,02
411;93300;60100;PATRIMONI;0,00;122.967,21;122.967,21;0,00
412;92000;16209;PRESTACIONS SOCIALS;230.000,00;45.402,58;275.402,58;13.624,61
412;92000;23030;DIETES SERVEIS GENERALS;13.386,00;13.999,74;27.385,74;13.587,38
412;92000;16200;FORMACIÓ;65.000,00;16.338,23;81.338,23;11.090,73
412;92000;22611;PREVENCIÓ RISCOS LABORALS;126.759,60;50.353,82;177.113,42;16.190,98
412;92000;12000;RETR.BAS.P.FUNCIONARI A1 RECURSOS HUMANS;14.677,32;0,00;14.677,32;2.218,10
412;92000;12003;RETR.BAS.P.FUNCIONARI C1 RECURSOS HUMANS;29.654,52;0,00;29.654,52;4.272,09
412;92000;12006;TRIENNIS P FUNCIONARI RECURSOS HUMANS;12.686,60;0,00;12.686,60;1.836,89
412;92000;12009;ALTRES RETR.BAS.P.FUNCIONARI RECURSOS HUMANS;13.746,22;0,00;13.746,22;0,00
412;92000;12100;COMP. DESTINACIÓ FUNCIONARIS RECURSOS HUMANS;25.009,80;0,00;25.009,80;4.140,47
412;92000;12101;COMP. ESPECÍFIC FUNCIONARIS RECURSOS HUMANS;37.419,12;0,00;37.419,12;6.356,25
412;92000;13000;RETR.BAS.P.LABORAL RECURSOS HUMANS;270.977,82;3.721,66;274.699,48;36.519,71
412;92000;143;ALTRE PERSONAL;0,00;0,00;0,00;0,00
412;92000;15000;PRODUCTIVITAT RECURSOS HUMANS;13.480,65;-1.500,00;11.980,65;0,00
412;92000;15100;GRATIFICACIONS RECURSOS HUMANS;0,00;1.500,00;1.500,00;950,41
412;92000;15300;COMPLEMENT DE DEDICACIÓ ESPECIAL RECURSOS HUMANS;54.353,40;0,00;54.353,40;8.860,90
412;92000;16000;QUOTES SOCIALS RECURSOS HUMANS;139.928,76;0,00;139.928,76;21.868,14
412;92000;22710;PLA MILLORA ORGANITZATIVA;5.820,00;33.052,79;38.872,79;12.669,06
412;92000;83000;PAGUES AVANÇADES;0,00;43.600,00;43.600,00;41.100,00
413;92000;21600;MANTENIMENT EQUIPAMENT INFORMÀTICA;408.000,00;123.445,77;531.445,77;135.309,66
413;92000;21203;MANTENIMENT EQUIPAMENT REPROGRAFIA;30.000,00;97.184,11;127.184,11;12.040,87
413;92000;22001;MATERIAL REPROGRAFIA;35.000,00;35.406,48;70.406,48;8.635,37
413;92000;22200;TELÈFONS;215.000,00;13.541,73;228.541,73;60.827,15
413;92000;12003;RETR.BAS.P.FUNCIONARI C1 INFORMÀTICA;19.769,68;0,00;19.769,68;2.880,08
413;92000;12006;TRIENNIS P FUNCIONARI INFORMÀTICA;7.945,96;0,00;7.945,96;1.157,64
413;92000;12009;ALTRES RETR.BAS.P.FUNCIONARI INFORMÀTICA;5.144,80;0,00;5.144,80;0,00
413;92000;12100;COMP. DESTINACIÓ FUNCIONARIS INFORMÀTICA;9.474,96;0,00;9.474,96;1.579,16
413;92000;12101;COMP. ESPECÍFIC FUNCIONARIS INFORMÀTICA;13.748,88;0,00;13.748,88;2.291,48
413;92000;13000;RETR.BAS.P.LABORAL INFORMÀTICA;495.916,66;0,00;495.916,66;73.608,28
413;92000;13100;RETR.BAS.P.LABORAL TEMPORAL INFORMÀTICA;33.611,76;0,00;33.611,76;4.748,42
413;92000;15000;PRODUCTIVITAT INFORMÀTICA;15.804,90;0,00;15.804,90;0,00
413;92000;15100;GRATIFICACIONS INFORMÀTICA;4.162,80;0,00;4.162,80;1.234,63
413;92000;15300;COMPLEMENT DE DEDICACIÓ ESPECIAL INFORMÀTICA;71.479,08;0,00;71.479,08;11.913,18
413;92000;16000;QUOTES SOCIALS INFORMÀTICA;194.539,08;0,00;194.539,08;29.052,17
413;92000;62600;SISTEMA INFORMÀTIC;340.000,00;120.291,11;460.291,11;43.079,02
414;92000;22199;ALTRES SUBMINISTRAMENTS EDIFICI CONSISTORIAL;84.400,00;4.120,63;88.520,63;0,00
414;92000;21200;MANTENIMENT EDIFICI CONSISTORIAL;133.600,00;17.425,62;151.025,62;9.310,67
414;92000;22700;NETEJA EDIFICI CONSISTORIAL;227.000,00;114.684,99;341.684,99;79.034,28
414;92000;20000;LLOGUER EDIFICIS ADMINISTRACIÓ;0,00;0,00;0,00;0,00
414;92000;20200;LLOGUER EDIFICIS ADMINISTRACIÓ;17.460,00;0,00;17.460,00;1.452,00
414;92000;21202;PLA DE MANTENIMENT;72.100,00;-2.721,44;69.378,56;0,00
414;92000;22100;SUBM. ENERGIA ELÈCTRICA EDIFICI CONSISTORIAL;127.995,00;7.383,03;135.378,03;9.080,10
414;92000;22102;SUBM. GAS EDIFICI CONSISTORIAL;35.000,00;593,88;35.593,88;4.125,23
414;92000;22103;COMBUSTIBLE I CARBURANT EDIFICI CONSISTORIAL;7.000,00;6.084,46;13.084,46;1.055,59
414;92000;60977;MILLORES INSTAL·LACIONS SERVEIS MUNICIPALS;215.000,00;39.721,88;254.721,88;38.566,33
414;92000;62206;MENJADOR POLICIA LOCAL;0,00;176,39;176,39;0,00
414;93300;62207;ADEQUACIÓ ESPAI PARC TECNOLÒGIC;0,00;5.721,98;5.721,98;0,00
420;92000;22201;CORREUS I NOTIFICACIONS;495.000,00;110.841,17;605.841,17;43.929,29
420;92000;22600;SERVEIS ADMINISTRATIUS;15.000,00;2.372,01;17.372,01;4.068,36
420;92000;21900;SERVEIS ADMINISTRATIUS;0,00;4.872,23;4.872,23;1.210,00
420;92000;12001;RETR.BAS.P.FUNCIONARI A2 SERVEIS ADMINISTRATIUS;12.906,52;0,00;12.906,52;1.917,96
420;92000;12003;RETR.BAS.P.FUNCIONARI C1 SERVEIS ADMINISTRATIUS;9.884,84;0,00;9.884,84;1.440,04
420;92000;12005;RETR.BAS.P.FUNCIONARI AP SERVEIS ADMINISTRATIUS;7.678,58;0,00;7.678,58;1.096,94
420;92000;12006;TRIENNIS P FUNCIONARI SERVEIS ADMINISTRATIUS;10.129,06;0,00;10.129,06;1.487,22
420;92000;12009;ALTRES RETR.BAS.P.FUNCIONARI SERVEIS ADMINISTRATIUS;8.107,16;0,00;8.107,16;0,00
420;92000;12100;COMP. DESTINACIÓ FUNCIONARIS SERVEIS ADMINISTRATIUS;15.392,40;0,00;15.392,40;2.565,40
420;92000;12101;COMP. ESPECÍFIC FUNCIONARIS SERVEIS ADMINISTRATIUS;20.164,80;0,00;20.164,80;3.360,80
420;92000;13000;RETR.BAS.P.LABORAL SERVEIS ADMINISTRATIUS;428.529,37;0,00;428.529,37;58.222,17
420;92000;13100;RETR.P.LABORAL TEMPORAL ADMINISTRACIÓ;17.561,14;0,00;17.561,14;2.375,92
420;92000;15000;PRODUCTIVITAT SERVEIS ADMINISTRATIUS;23.384,75;0,00;23.384,75;0,00
420;92000;15100;GRATIFICACIONS SERVEIS ADMINISTRATIUS;5.203,13;0,00;5.203,13;612,55
420;92000;15300;COMPLEMENT DE DEDICACIÓ ESPECIAL SERVEIS ADMINISTRATIUS;44.129,15;0,00;44.129,15;6.740,34
420;92000;16000;QUOTES SOCIALS SERVEIS ADMINISTRATIUS;173.607,95;0,00;173.607,95;25.974,33
420;92000;22103;COMBUSTIBLES SERVEIS ADMINISTRATIUS;0,00;2.136,36;2.136,36;1.442,66
420;92000;22104;VESTUARI SERVEIS GENERALS;6.200,00;1.621,40;7.821,40;0,00
420;92000;22701;ASSISTÈNCIA TÈCNICA FONS COHESIÓ;0,00;191,42;191,42;0,00
420;92000;62500;MOBILIARI I MATERIAL INVENTARIABLE SERVEIS GENERALS;0,00;1.182,17;1.182,17;223,85
500;32000;12000;RETR.BAS.P.FUNCIONARI A1 EDUCACIÓ;14.677,32;0,00;14.677,32;2.218,10
500;32000;12003;RETR.BAS.P.FUNCIONARI C1 EDUCACIÓ;19.769,68;0,00;19.769,68;2.688,05
500;32000;12006;TRIENNIS P FUNCIONARI EDUCACIÓ;13.386,92;0,00;13.386,92;1.991,33
500;32000;12009;ALTRES RETR.BAS.P.FUNCIONARI EDUCACIÓ;9.702,14;0,00;9.702,14;0,00
500;32000;12100;COMP. DESTINACIÓ FUNCIONARIS EDUCACIÓ;20.272,20;0,00;20.272,20;3.261,43
500;32000;12101;COMP. ESPECÍFIC FUNCIONARIS EDUCACIÓ;26.465,64;0,00;26.465,64;4.780,47
500;32000;13000;RETR.BAS.P.LABORAL EDUCACIÓ;805.089,00;0,00;805.089,00;111.031,73
500;32000;15000;PRODUCTIVITAT EDUCACIÓ;36.258,30;0,00;36.258,30;0,00
500;32000;15100;GRATIFICACIONS EDUCACIÓ;3.468,76;0,00;3.468,76;110,27
500;32000;15300;COMPLEMENT DE DEDICACIÓ ESPECIAL EDUCACIÓ;119.703,84;0,00;119.703,84;17.273,90
500;32000;16000;QUOTES SOCIALS EDUCACIÓ;330.976,62;0,00;330.976,62;50.405,29
500;32000;22610;DESPESES GENERALS EDUCACIÓ;7.300,00;-2.620,21;4.679,79;3.227,08
500;32100;20200;LLOGUERS EDUCACIÓ;29.040,00;3.630,00;32.670,00;3.630,00
500;32200;20200;LLOGUER EDIFICIS EDUCACIÓ;0,00;0,00;0,00;0,00
500;32300;22199;ALTRES SUBMINISTRAMENTS ESCOLES;10.350,00;1.043,63;11.393,63;473,01
500;32300;22700;NETEJA ESCOLES;1.815.000,00;213.285,66;2.028.285,66;318.069,54
500;32300;22102;SUBM. GAS ESCOLES;65.000,00;0,00;65.000,00;8.610,12
500;32300;21200;MANTENIMENT ESCOLES;194.050,00;123.636,06;317.686,06;30.524,93
500;32300;22100;SUBM. ENERGIA ELÈCTRICA ESCOLES;333.900,00;30.992,20;364.892,20;37.427,57
500;32300;22103;COMBUSTIBLE I CARBURANT ESCOLES;205.000,00;51.889,33;256.889,33;31.211,66
500;32300;22613;ESCOLA ADULTS;37.500,00;0,00;37.500,00;0,00
500;32410;22611;DESPESES MENJADOR ESCOLES BRESSOL;315.000,00;25.510,76;340.510,76;64.810,13
500;32410;22610;DESPESES ESCOLES BRESSOL;54.986,09;6.771,76;61.757,85;9.358,77
500;32410;13000;RETR.BAS.P.LABORAL EDUCACIÓ EEBB;1.522.670,29;0,00;1.522.670,29;221.312,19
500;32410;15000;PRODUCTIVITAT EDUCACIÓ EEBB;60.206,85;0,00;60.206,85;291,78
500;32410;15300;COMPLEMENT DE DEDICACIÓ ESPECIAL EDUCACIÓ EEBB;282.859,56;0,00;282.859,56;42.483,87
500;32410;16000;QUOTES SOCIALS EDUCACIÓ EEBB;558.877,28;0,00;558.877,28;94.734,15
500;32500;22610;CONSELL ESCOLAR MUNICIPAL;4.350,00;0,00;4.350,00;369,46
500;32500;22611;PROJECTES EDUCACIÓ;48.135,00;29.425,01;77.560,01;4.941,76
500;32500;22612;ESCOLARITZACIÓ;6.550,00;300,00;6.850,00;60,39
500;32600;41000;ORG AUT EDUCACIO MUSICAL;400.000,00;-651,00;399.349,00;70.000,00
500;32600;22610;RECURSOS EDUCATIUS;60.000,00;28.836,60;88.836,60;4.784,36
500;32600;48000;PREMIS I BEQUES;6.000,00;0,00;6.000,00;0,00
500;32600;48001;AJUTS I TRANSFERÈNCIES EDUCACIÓ;246.530,00;201.572,00;448.102,00;9.444,00
500;32600;60903;PLA MANTENIMENT ESCOLES;125.000,00;117.492,90;242.492,90;23.749,56
500;32600;62200;INVERSIONS EDUCACIÓ;0,00;1.393,20;1.393,20;0,00
501;34000;11000;P EVENTUAL ESPORTS;55.168,36;0,00;55.168,36;7.869,72
501;34000;13000;RETR.BAS.P.LABORAL ESPORTS;678.576,47;0,00;678.576,47;95.389,83
501;34000;15000;PRODUCTIVITAT ESPORTS;27.373,16;0,00;27.373,16;0,00
501;34000;15100;GRATIFICACIONS ESPORTS;10.406,27;0,00;10.406,27;4.908,40
501;34000;15300;COMPLEMENT DE DEDICACIÓ ESPECIAL ESPORTS;120.061,44;0,00;120.061,44;17.110,40
501;34000;16000;QUOTES SOCIALS ESPORTS;227.192,68;0,00;227.192,68;38.889,04
501;34100;22610;DESPESES ESPORTS;21.000,00;11.773,69;32.773,69;21.937,56
501;34100;48503;LLIGUES D'ESPORTS DE LLEURE INTERMUNICIPALS 2014-2015;0,00;6.331,00;6.331,00;0,00
501;34100;22611;ACTIVITATS FÍSICO-ESPORTIVES;270.000,00;16.316,62;286.316,62;42.695,25
501;34100;22612;ACTIVITATS DE CIUTAT;115.000,00;22.155,60;137.155,60;20.425,03
501;34100;48000;TRANSFERÈNCIES ESPORTS;170.000,00;51.221,70;221.221,70;6.275,00
501;34100;48100;GEIEG;75.000,00;0,00;75.000,00;0,00
501;34100;48501;LLIGUES D'ESPORT DE LLEURE INTERMUNICIPALS 2012-2013;0,00;1.560,00;1.560,00;1.560,00
501;34100;48502;LLIGUES D'ESPORT DE LLEURE INTERMUNICIPALS 2013-2014;0,00;1.335,00;1.335,00;1.335,00
501;34200;22199;ALTRES SUBMINISTRAMENTS ESPORTS;686.000,00;80.178,38;766.178,38;66.350,08
501;34200;21200;MANTENIMENT EQUIPAMENTS ESPORTS;300.000,00;29.195,37;329.195,37;29.785,08
501;34200;22100;SUBM. ENERGIA ELÈCTRICA ESPORTS;393.750,00;39.093,21;432.843,21;29.723,75
501;34200;22102;SUBM. GAS EQUIPAMENTS ESPORTS;240.000,00;17.312,44;257.312,44;40.512,35
501;34200;22609;PLA INTEGRAL SECTOR EST - ESPORTS;30.000,00;0,00;30.000,00;0,00
501;34200;22700;NETEJA EQUIPAMENTS ESPORTS;471.500,00;50.330,55;521.830,55;79.770,24
501;34200;60907;VESTIDORS PISCINA DEVESA;0,00;1.282,69;1.282,69;0,00
501;34200;60908;PLA MILLORA EQUIPAMENTS ESPORTIUS;125.000,00;120.351,01;245.351,01;12.101,61
501;34200;60910;COBRIMENT PISTES;0,00;270.390,02;270.390,02;66.159,08
501;34220;21200;ESTADI MONTILIVI - CONVENI;120.000,00;14.141,56;134.141,56;6.104,11
501;34220;22100;SUBMINISTRAMENT ENERGIA ELÈCTRICA DE L'ESTADI MONTILIVI;0,00;4.472,83;4.472,83;4.472,83
510;23100;14301;ALTRE PERSONAL SERVEIS SOCIALS;0,00;93.560,62;93.560,62;20.074,69
510;23100;12000;RETR.BAS.P.FUNCIONARI A1 SERVEIS SOCIALS;14.677,32;0,00;14.677,32;2.218,10
510;23100;12003;RETR.BAS.P.FUNCIONARI C1 SERVEIS SOCIALS;19.769,68;0,00;19.769,68;2.880,08
510;23100;12006;TRIENNIS P FUNCIONARI SERVEIS SOCIALS;11.377,78;0,00;11.377,78;1.682,18
510;23100;12009;ALTRES RETR.BAS.P.FUNCIONARI SERVEIS SOCIALS;9.845,88;0,00;9.845,88;0,00
510;23100;12100;COMP. DESTINACIÓ FUNCIONARIS SERVEIS SOCIALS;18.661,80;0,00;18.661,80;3.110,30
510;23100;12101;COMP. ESPECÍFIC FUNCIONARIS SERVEIS SOCIALS;25.116,00;0,00;25.116,00;4.186,00
510;23100;13000;RETR.BAS.P.LABORAL SERVEIS SOCIALS;194.025,70;0,00;194.025,70;23.200,16
510;23100;143;ALTRE PERSONAL PLA INCLUSIO;0,00;0,00;0,00;0,00
510;23100;15000;PRODUCTIVITAT SERVEIS SOCIALS;9.297,00;0,00;9.297,00;0,00
510;23100;15100;GRATIFICACIONS SERVEIS SOCIALS;693,75;0,00;693,75;0,00
510;23100;15300;COMPLEMENT DE DEDICACIÓ ESPECIAL SERVEIS SOCIALS;36.552,36;0,00;36.552,36;5.253,90
510;23100;16000;QUOTES SOCIALS SERVEIS SOCIALS;95.694,12;0,00;95.694,12;14.099,24
510;23100;20000;LLOGUER LOCAL SERVEIS SOCIALS;0,00;0,00;0,00;0,00
510;23100;20200;LLOGUER LOCAL SERVEIS SOCIALS;120.000,00;2.160,70;122.160,70;3.942,76
510;23100;21200;MANTENIMENTS EQUIPAMENTS SERVEIS SOCIALS;150.000,00;-6.578,89;143.421,11;18.399,16
510;23100;22100;SUBM. ENERGIA ELÈCTRICA SERVEIS SOCIALS;157.500,00;15.261,01;172.761,01;15.334,10
510;23100;22102;SUBM. GAS SERVEIS SOCIALS;16.000,00;0,00;16.000,00;749,90
510;23100;22199;ALTRES SUBMINISTRAMENTS SERVEIS SOCIALS;59.400,00;-20.137,38;39.262,62;378,08
510;23100;22610;SUPORT ACTUACIONS SOCIALS;2.472,00;-1.500,00;972,00;0,00
510;23100;22611;ALTRES PROGRAMES SERVEIS SOCIALS;4.750,42;137.750,56;142.500,98;3.871,43
510;23100;22700;NETEJA EQUIPAMENTS SERVEIS SOCIALS;171.000,00;39.228,54;210.228,54;32.895,12
510;23100;48000;SUBVENCIONS SUPORT ACTUACIONS SOCIALS;0,00;1.500,00;1.500,00;0,00
510;23100;48001;PROGRAMA ACTÚA - SERVEIS SOCIALS;175.000,00;91.227,16;266.227,16;286,86
510;23100;62200;INVERSIÓ SERVEIS SOCIALS;0,00;108.329,81;108.329,81;13.425,85
510;23110;46700;CENTRE D'ACOLLIMENT;780.000,00;-518,50;779.481,50;230.000,00
510;23110;14301;ALTRE PERSONAL IMMIGRACIÓ;0,00;78.853,90;78.853,90;11.244,92
510;23110;60901;CENTRE DISTRIBUCIÓ D'ALIMENTS;0,00;353.593,70;353.593,70;0,00
510;23120;48001;PROGRAMA ACTÚA - SERVEIS SOCIALS;0,00;0,00;0,00;0,00
510;23130;48000;CONVENI MIFAS;175.000,00;0,00;175.000,00;43.749,99
511;23100;48000;AJUDES ECONÒMIQUES A LES FAMÍLIES;0,00;0,00;0,00;0,00
511;23110;48000;AJUDES ECONÒMIQUES A LES FAMÍLIES;495.160,00;80.000,00;575.160,00;85.353,05
511;23110;13000;RETR.BAS.P.LABORAL S.S. AT. PRIMÀRIA;1.318.779,05;-25.700,00;1.293.079,05;193.209,52
511;23110;13100;P.LABORAL TEMPORAL S SOCIALS AT PRIMARIA;0,00;25.700,00;25.700,00;2.807,52
511;23110;143;ALTRE PERSONAL COOPERACIO;0,00;0,00;0,00;0,00
511;23110;14301;ALTRE PERSONAL EAIA;0,00;35.102,95;35.102,95;5.005,74
511;23110;15000;PRODUCTIVITAT S.S. ATENCIÓ PRIMÀRIA;47.476,82;0,00;47.476,82;348,92
511;23110;15100;GRATIFICACIONS S.S. ATENCIÓ PRIMÀRIA;346,88;0,00;346,88;0,00
511;23110;15300;COMPLEMENT DE DEDICACIÓ ESPECIAL S.S. AT. PRIMÀRIA;139.452,15;0,00;139.452,15;21.022,61
511;23110;16000;QUOTES SOCIALS S.S. ATENCIÓ PRIMÀRIA;406.173,68;0,00;406.173,68;68.785,37
511;23110;22610;CENTRE DE DIA - INFÀNCIA DE RISC;3.152,20;558,62;3.710,82;0,00
511;23110;22611;PROGRAMA ATENCIÓ A LA INFÀNCIA I ALS JOVES;475.000,00;48.202,34;523.202,34;6.090,91
511;23110;22613;CENTRE DISTRIBUCIÓ ALIMENTS;70.000,00;55.305,03;125.305,03;41.251,48
511;23110;22617;SERVEI ATENCIÓ FAMÍLIES - EAIA;43.260,00;-34.253,90;9.006,10;735,87
511;23110;22623;PROGRAMA ALIMENTACIÓ INFANTIL;243.000,00;39.187,22;282.187,22;14.578,43
511;23110;22699;AJUDES ECONÒMIQUES A LES FAMÍLIES;0,00;10.000,00;10.000,00;496,70
511;23110;22700;NETEJA EDIFICI CENTRE DE DIA FONT DE LA PÓLVORA;0,00;338,21;338,21;338,21
511;23110;48001;AJUDES BEQUES MENJADORS;0,00;7.543,62;7.543,62;718,73
511;23120;22613;SOLIDARITAT I COOPERACIÓ;165.000,00;35.787,75;200.787,75;3.394,96
511;23120;48000;SOLIDARITAT I COOPERACIÓ - SUBVENCIONS;175.000,00;39.300,00;214.300,00;4.000,00
511;23120;143;ALTRE PERSONAL ACCIONS COMUNITARIES ALS BARRIS;0,00;141.003,25;141.003,25;20.368,10
511;23120;14301;ALTRE PERSONAL ACCIONS COMUNITÀRIES SECTOR EST;0,00;28.670,98;28.670,98;0,00
511;23120;22612;CONSELL COHESIÓ SOCIAL;1.552,00;65.195,18;66.747,18;12.089,25
511;23120;22614;ACCIONS COMUNITÀRIES ALS BARRIS;230.000,00;-29.802,56;200.197,44;10.285,26
511;23120;22615;ACCIONS COMUNITÀRIES ALS BARRIS SECTOR EST;37.000,00;-28.670,98;8.329,02;0,00
511;23120;22618;PLA DE BARRIS - ACCIÓ SOCIAL;0,00;5.076,49;5.076,49;0,00
511;23120;22622;PLA EDUCACIÓ I CONVIVÈNCIA;0,00;2.010,00;2.010,00;400,00
511;23120;48001;SUBVENCIONS ACCIONS COMUNITÀRIES ALS BARRIS;0,00;12.000,00;12.000,00;0,00
512;23110;22610;CENTRE JOVE DE SALUT INTEGRAL;0,00;0,00;0,00;0,00
512;23110;14300;ALTRE PERSONAL CENTRE JOVE SALUT;0,00;50.000,00;50.000,00;20.350,87
512;23120;13000;RETR.BAS.P.LABORAL S.S. ESPECIALITZATS;315.209,20;0,00;315.209,20;48.872,99
512;23120;15000;PRODUCTIVITAT S.S. ESPECIALITZATS;10.923,98;0,00;10.923,98;0,00
512;23120;15100;GRATIFICACIONS S.S. ESPECIALITZATS;1.300,78;0,00;1.300,78;0,00
512;23120;15300;COMPLEMENT DE DEDICACIÓ ESPECIAL S.S. ESPECIALITZATS;28.315,68;0,00;28.315,68;4.551,64
512;23120;16000;QUOTES SOCIALS S.S. ESPECIALITZATS;92.135,64;0,00;92.135,64;19.512,72
512;23120;22610;PLA DESENVOLUPAMENT COMUNITARI SECTOR EST - INTEGRANT ACCION;0,00;20.781,07;20.781,07;10.263,25
512;23120;22617;PLA EDUCATIU D'ENTORN STA EUGÈNIA I STA NARCÍS 2009/2010;0,00;461,44;461,44;0,00
512;23120;22618;PLA DESENVOLUPAMENT COMUNITARI STA EUGÈNIA - ST NARCIS;0,00;16.621,21;16.621,21;3.400,00
512;23130;22610;PROGRAMA ATENCIÓ A DOMICILI;1.041.000,00;284.017,38;1.325.017,38;246.566,75
512;23130;22611;TELEASSISTÈNCIA;275.000,00;-39.318,01;235.681,99;21.972,05
512;23130;143;ALTRE PERSONAL SERVEIS GENT GRAN;0,00;0,00;0,00;0,00
512;23130;14300;ALTRE PERSONAL - ATENCIÓ DOMICILI;0,00;66.608,76;66.608,76;8.953,60
512;23130;14301;ALTRE PERSONAL SERVEIS GENT GRAN;0,00;28.670,98;28.670,98;0,00
512;23130;22612;TRANSPORT ADAPTAT;65.000,00;45.591,02;110.591,02;45.591,02
512;23130;22616;CONSELL MUNICIPAL DE LA GENT GRAN;18.624,00;2.478,93;21.102,93;4.370,63
512;23130;22618;ALTRES SERVEIS GENT GRAN;173.259,50;96.991,67;270.251,17;30.493,23
512;23130;62500;MOBILIARI CENTRE DE DIA;0,00;2.029,60;2.029,60;0,00
512;23140;143;PERSONAL VIOLENCIA DE GENERE;0,00;0,00;0,00;0,00
512;23140;14300;ALTRE PERSONAL VIOLENCIA GÈNERE;0,00;26.697,51;26.697,51;3.740,10
512;23140;22613;SERVEI INTERVENCIÓ VIOLÈNCIA DE GÈNERE;47.086,45;21.884,47;68.970,92;2.662,05
512;23140;22623;PROGRAMA IGUALTAT DE GÈNERE;12.360,00;3.000,00;15.360,00;0,00
512;31200;22610;CENTRE JOVE DE SALUT INTEGRAL;114.413,00;-46.759,50;67.653,50;1.976,76
512;31200;48000;SUBVENCIONS CENTRE JOVE DE SALUT INTEGRAL;0,00;2.000,00;2.000,00;0,00
512;31200;62300;INVERSIÓ CENTRE JOVE SALUT INTEGRAL;0,00;6.000,00;6.000,00;0,00
513;92400;22610;ACTIVITATS CENTRES CÍVICS;125.016,00;49.603,61;174.619,61;19.089,43
513;92400;12003;RETR.BAS.P.FUNCIONARI C1 CENTRES CÍVICS;9.884,84;0,00;9.884,84;1.440,04
513;92400;12006;TRIENNIS P FUNCIONARI CENTRES CÍVICS;3.972,98;0,00;3.972,98;578,82
513;92400;12009;ALTRES RETR.BAS.P.FUNCIONARI CENTRES CÍVICS;2.164,48;0,00;2.164,48;0,00
513;92400;12100;COMP. DESTINACIÓ FUNCIONARIS CENTRES CÍVICS;4.737,48;0,00;4.737,48;789,58
513;92400;12101;COMP. ESPECÍFIC FUNCIONARIS CENTRES CÍVICS;4.426,94;0,00;4.426,94;737,82
513;92400;13000;RETR.BAS.P.LABORAL CENTRES CÍVICS;719.307,52;0,00;719.307,52;111.030,16
513;92400;13100;RETR.P.LABORAL TEMPORAL CENTRES CIVICS;121.571,10;0,00;121.571,10;15.677,19
513;92400;143;ALTRE PERSONAL CENTRES CIVICS;0,00;13.335,08;13.335,08;1.831,96
513;92400;14302;ALTRE PERSONAL - PLA DE PARTICIPACIO;0,00;38.732,28;38.732,28;10.045,10
513;92400;15000;PRODUCTIVITAT CENTRES CÍVICS;31.144,96;0,00;31.144,96;0,00
513;92400;15100;GRATIFICACIONS CENTRES CÍVICS;2.254,69;0,00;2.254,69;316,41
513;92400;15300;COMPLEMENT DE DEDICACIÓ ESPECIAL CENTRES CÍVICS;97.193,37;0,00;97.193,37;15.792,08
513;92400;16000;QUOTES SOCIALS CENTRES CÍVICS;288.961,68;0,00;288.961,68;43.105,42
513;92400;20000;CESSIÓ ÚS CENTRE CÍVIC BARRI VELL;0,00;0,00;0,00;0,00
513;92400;20200;PRESSUPOSTOS PARTICIPATS 2014- LLOGUER;0,00;9.774,12;9.774,12;3.258,08
513;92400;22611;PROJECTES COMUNITARIS CENTRES CÍVICS I VOLUNTARIAT;30.000,00;10.001,61;40.001,61;4.788,08
513;92400;22612;PROJECTES COMUNITARIS CENTRES CÍVIC I VOLUNTARIAT SECTOR EST;5.000,00;0,00;5.000,00;0,00
513;92400;22613;SUPORT A LES ENTITATS;50.000,00;1.784,54;51.784,54;1.610,75
513;92400;22614;SERVEI DE PARTICIPACIÓ CIUTADANA;69.676,88;56.194,46;125.871,34;870,47
513;92400;22615;CASALS GENT GRAN;50.000,00;11.400,00;61.400,00;10.900,00
513;92400;22699;PRESSUPOSTOS PARTICIPATIUS - CONSULTA;65.000,00;0,00;65.000,00;3.703,02
513;92400;22700;NETEJA CENTRES CÍVICS;95.000,00;0,00;95.000,00;0,00
513;92400;48000;PRESSUPOSTOS PARTICIPATS 2014 - PARTICIPACIÓ;0,00;84.878,38;84.878,38;33.167,33
513;92400;48001;SUBVENCIONS ACTIVITATS CENTRES CÍVICS;0,00;10.000,00;10.000,00;0,00
513;92400;60909;PROJECTE CENTRAL DEL MOLÍ;560.000,00;709.697,20;1.269.697,20;35.695,00
513;92500;22617;FULLS D'INFORMACIÓ MUNICIPAL;3.957,60;220,48;4.178,08;0,00
514;15210;22610;PROGRAMA ACCÉS A L'HABITATGE;250.000,00;158.510,91;408.510,91;21.647,45
514;15210;21200;MANTENIMENT IMMOBLES;7.004,00;29.946,47;36.950,47;19.914,50
514;15210;13000;RETR.BAS.P.LABORAL HABITATGE;152.559,16;0,00;152.559,16;18.135,96
514;15210;143;ALTRE PERSONAL HABITATGE;0,00;26.364,96;26.364,96;3.716,61
514;15210;15000;PRODUCTIVITAT HABITATGE;5.578,20;0,00;5.578,20;0,00
514;15210;15100;GRATIFICACIONS HABITATGE;433,59;0,00;433,59;0,00
514;15210;15300;COMPLEMENT DE DEDICACIÓ ESPECIAL HABITATGE;7.652,52;0,00;7.652,52;1.232,88
514;15210;16000;QUOTES SOCIALS HABITATGE;47.813,40;0,00;47.813,40;7.060,62
514;15210;22100;SUBM. ENERGIA ELÈCTRICA EDIFICI HABITATGE;2.226,00;479,20;2.705,20;342,02
514;15210;22102;SUBM. GAS EDIFICI HABITATGE;4.000,00;0,00;4.000,00;0,00
514;15210;22600;TAULA COORDINACIÓ DRET HABITATGE;3.000,00;0,00;3.000,00;0,00
514;15210;22700;NETEJA EDIFICI HABITATGE;3.800,00;300,96;4.100,96;300,96
514;15210;62200;INVERSIÓ OFICINA MUNICIPAL D'HABITATGE;0,00;12.012,14;12.012,14;0,00
520;92500;22613;INFORMACIÓ JUVENIL;80.825,00;928,40;81.753,40;4.536,32
520;92500;22611;ACTIVITATS JOVENTUT;63.600,00;49.352,35;112.952,35;23.037,20
520;92500;13000;RETR.BAS.P.LABORAL JOVENTUT;118.248,04;0,00;118.248,04;16.248,80
520;92500;143;ALTRE PERSONAL JOVENTUT;0,00;39.000,00;39.000,00;10.229,98
520;92500;15000;PRODUCTIVITAT JOVENTUT;4.648,50;0,00;4.648,50;0,00
520;92500;15300;COMPLEMENT DE DEDICACIÓ ESPECIAL JOVENTUT;12.403,44;0,00;12.403,44;2.067,24
520;92500;16000;QUOTES SOCIALS JOVENTUT;39.622,08;0,00;39.622,08;6.530,13
520;92500;21200;MANTENIMENT EQUIPAMENTS JOVENTUT;5.754,82;-1.567,00;4.187,82;542,31
520;92500;22009;MATERIAL OFICINA JOVENTUT;1.600,00;82,86;1.682,86;65,37
520;92500;22100;SUBM. ENERGIA ELÈCTRICA JOVENTUT;8.695,00;1.466,05;10.161,05;1.466,05
520;92500;22102;SUBMINISTRAMENT GAS JOVENTUT;8.000,00;103,67;8.103,67;423,47
520;92500;22610;PROGRAMA DE VACANCES;202.000,00;0,00;202.000,00;0,00
520;92500;22616;PARTICIPACIÓ JUVENIL;0,00;16,60;16,60;0,00
520;92500;22618;OFICINA EMANCIPACIÓ JUVENIL;8.505,00;-2.331,98;6.173,02;1.512,50
520;92500;22699;TALLERS ÈXIT ESCOLAR;10.000,00;7.382,27;17.382,27;1.214,82
520;92500;22700;NETEJA EDIFICI JOVENTUT;26.300,00;1.476,85;27.776,85;2.759,28
520;92500;48000;TRANSFERÈNCIES JOVENTUT I LLEURE;15.150,00;3.912,50;19.062,50;3.537,50
520;92500;62500;MOBILIARI I MATERIAL INVENTARIABLE JOVENTUT;0,00;3.100,33;3.100,33;0,00
